+01,6.64062500e-02, -6.18164062e-01, 1.21435547e+00,-1.80000000e+01, 2.59500008e+01, 2.42999992e+01
-4.02439022e+00, -1.23170738e+01, 4.89634171e+01,6.73828125e-02, -6.12304688e-01, 1.22216797e+00,-1.63500004e+01, 2.72999992e+01, 2.55000000e+01
-3.29268289e+00, -8.84146404e+00, 4.98780518e+01,7.03125000e-02, -6.21582031e-01, 1.22167969e+00,-1.67999992e+01, 2.65499992e+01, 2.55000000e+01
-3.41463423e+00, -9.87804890e+00, 5.18902435e+01,6.05468750e-02, -6.25000000e-01, 1.21875000e+00,-1.72500000e+01, 2.74500008e+01, 2.63999996e+01
-3.10975623e+00, -8.90243912e+00, 5.02439041e+01,6.93359375e-02, -6.24023438e-01, 1.21875000e+00,-1.72500000e+01, 2.78999996e+01, 2.63999996e+01
-3.29268289e+00, -5.00000000e+00, 4.96951218e+01,6.20117188e-02, -6.26464844e-01, 1.21875000e+00,-1.62000008e+01, 2.59500008e+01, 2.57999992e+01
-6.52439022e+00, 1.79268303e+01, 5.52439041e+01,1.02050781e-01, -5.52246094e-01, 1.22802734e+00,-1.75499992e+01, 2.76000004e+01, 2.52000008e+01
1.03658533e+00, -2.09146347e+01, 8.42073212e+01,-4.39453125e-03, -6.25976562e-01, 1.21972656e+00,-1.72500000e+01, 2.74500008e+01, 2.40000000e+01
1.06097565e+01, -1.89024389e+00, 8.74390259e+01,6.20117188e-02, -6.75781250e-01, 1.40429688e+00,-2.01000004e+01, 3.07500000e+01, 2.44500008e+01
1.98170738e+01, -1.02682930e+02, 1.82256104e+02,3.41796875e-02, -6.23046875e-01, 1.41455078e+00,-2.11499996e+01, 3.25499992e+01, 2.41499996e+01
2.88414650e+01, -4.28658562e+01, 2.11036591e+02,-9.96093750e-02, -6.52343750e-01, 1.06152344e+00,-2.55000000e+01, 3.17999992e+01, 2.01000004e+01
1.71341476e+01, -3.63414650e+01, 9.13414688e+01,5.22460938e-02, -9.96582031e-01, 1.06689453e+00,-3.01499996e+01, 3.12000008e+01, 1.81499996e+01
-2.95121956e+01, -1.89024389e+00, 1.30487804e+01,3.68652344e-01, -5.19531250e-01, 1.19921875e+00,-2.87999992e+01, 3.02999992e+01, 1.62000008e+01
1.70731711e+00, -4.28048782e+01, -1.62012192e+02,9.22851562e-02, -2.16796875e-01, 1.11230469e+00,-2.18999996e+01, 2.42999992e+01, 1.46999998e+01
5.06097555e+00, -3.79878044e+01, -6.09756112e-02,2.44140625e-03, -2.96875000e-01, 1.13085938e+00,-1.84500008e+01, 2.05499992e+01, 1.66499996e+01
1.62804890e+01, 2.75609760e+01, 1.49207321e+02,3.66210938e-02, -1.64550781e-01, 1.06494141e+00,-1.97999992e+01, 1.97999992e+01, 1.56000004e+01
-3.75000000e+01, 1.78658543e+01, 3.36341461e+02,-1.09863281e-01, -5.00000000e-01, 1.18457031e+00,-2.33999996e+01, 2.76000004e+01, 1.62000008e+01
-1.08719513e+02, 1.45731707e+01, 2.04329269e+02,1.53320312e-01, -6.17187500e-01, 1.19580078e+00,-3.34500008e+01, 3.35999985e+01, 1.73999996e+01
-1.05487804e+01, 1.82317085e+01, 8.94512253e+01,7.08007812e-02, -8.16406250e-01, 1.20654297e+00,-4.02000008e+01, 3.64500008e+01, 2.16000004e+01
9.40243912e+01, 3.84756088e+01, -1.91951218e+02,1.40136719e-01, -4.52148438e-01, 1.32177734e+00,-2.93999996e+01, 3.35999985e+01, 1.84500008e+01
9.74390259e+01, -2.65243912e+01, 9.75609779e+00,9.27734375e-03, -3.43750000e-01, 1.25195312e+00,-2.55000000e+01, 2.68500004e+01, 1.57500000e+01
5.06097555e+00, -4.55487823e+01, 7.90243912e+01,-1.22558594e-01, -2.57812500e-01, 9.59472656e-01,-2.44500008e+01, 2.33999996e+01, 1.39499998e+01
-1.19512196e+01, -4.26829278e-01, 1.82012192e+02,-4.63867188e-02, -4.49707031e-01, 1.17480469e+00,-2.47500000e+01, 2.76000004e+01, 1.65000000e+01
-2.22500000e+02, 2.56707325e+01, 4.12134155e+02,-6.78710938e-02, -8.73046875e-01, 1.13476562e+00,-3.90000000e+01, 3.67500000e+01, 2.08500004e+01
2.27439022e+01, -2.16463413e+01, 4.62195129e+01,-1.11328125e-01, -1.02539062e+00, 1.14794922e+00,-5.22000008e+01, 3.30000000e+01, 2.52000008e+01
1.36036591e+02, -9.75609779e+00, -4.41036591e+02,-1.51367188e-02, -5.76171875e-01, 1.16552734e+00,-3.40499992e+01, 3.65999985e+01, 2.07000008e+01
2.06097565e+01, 1.17073174e+01, -8.03658524e+01,-5.46875000e-02, -5.44433594e-01, 1.21386719e+00,-2.10000000e+01, 2.93999996e+01, 1.66499996e+01
-2.92682934e+01, -2.68902454e+01, 1.27682930e+02,-2.58789062e-02, -5.15625000e-01, 1.20654297e+00,-2.14500008e+01, 2.50499992e+01, 1.54499998e+01
-2.68292689e+00, 1.56097565e+01, 1.54756104e+02,7.71484375e-02, -4.01855469e-01, 1.17089844e+00,-2.48999996e+01, 2.78999996e+01, 1.53000002e+01
4.65243912e+01, -3.51219521e+01, 1.44512192e+02,-8.44726562e-02, -3.25195312e-01, 1.13281250e+00,-2.53500004e+01, 3.04500008e+01, 1.84500008e+01
2.68292694e+01, -5.40853653e+01, 1.51219511e+01,3.07617188e-02, -3.56445312e-01, 1.13574219e+00,-2.33999996e+01, 2.33999996e+01, 1.62000008e+01
5.87195129e+01, 1.89024389e+00, -2.69268311e+02,-1.88476562e-01, -2.65625000e-01, 1.16796875e+00,-2.12999992e+01, 1.90499992e+01, 1.73999996e+01
3.67682953e+01, 4.03658562e+01, -7.25000000e+01,-4.29199219e-01, -1.74804688e-01, 1.18798828e+00,-2.47500000e+01, 5.55000019e+00, 1.18500004e+01
-1.29939026e+02, -1.85060974e+02, 4.13353668e+02,-2.72949219e-01, -7.29003906e-01, 1.00634766e+00,-2.37000008e+01, 9.75000000e+00, 1.39499998e+01
-3.05487804e+01, 5.82317085e+01, 3.59329285e+02,1.21582031e-01, -4.09667969e-01, 1.16113281e+00,-2.33999996e+01, 2.26499996e+01, 1.54499998e+01
-4.26829290e+00, 2.65243912e+01, 6.39634171e+01,1.04492188e-01, -3.07617188e-01, 1.18896484e+00,-2.62500000e+01, 2.68500004e+01, 2.05499992e+01
2.57926826e+01, 8.46951218e+01, -1.96890244e+02,-8.15429688e-02, -3.75488281e-01, 1.01123047e+00,-1.62000008e+01, 2.05499992e+01, 2.10000000e+01
2.64024391e+01, -2.60365868e+01, 9.63414688e+01,-2.78320312e-01, -3.51074219e-01, 1.08593750e+00,-1.86000004e+01, 1.77000008e+01, 1.87500000e+01
1.05365852e+02, -3.91463432e+01, 7.95121994e+01,-4.88281250e-03, -2.52929688e-01, 1.03466797e+00,-1.58999996e+01, 1.97999992e+01, 2.14500008e+01
-4.75609779e+00, -9.51219559e+00, 5.10975609e+01,3.36914062e-02, -1.57714844e-01, 1.10302734e+00,-1.56000004e+01, 1.88999996e+01, 2.16000004e+01
-1.15426834e+02, -2.82317085e+01, -7.25000000e+01,3.95019531e-01, 9.64843750e-01, 5.73242188e-01,-1.65000000e+01, 1.95000000e+01, 2.14500008e+01
-5.98170738e+01, 5.19512215e+01, 1.74512192e+02,-1.80175781e-01, -6.61621094e-01, 1.30810547e+00,-1.81499996e+01, 2.53500004e+01, 2.16000004e+01
-1.71097565e+02, -1.78048782e+01, 2.79390259e+02,8.13964844e-01, -7.84179688e-01, 1.29199219e+00,-3.01499996e+01, 4.10999985e+01, 2.53500004e+01
-7.16463394e+01, 3.68902435e+01, 2.09512207e+02,-4.12109375e-01, -1.22607422e+00, 1.09960938e+00,-5.26500015e+01, 3.55499992e+01, 2.91000004e+01
-2.56097555e+00, -5.62804909e+01, 1.85792694e+02,-2.02148438e-01, -1.20751953e+00, 1.23974609e+00,-5.60999985e+01, 2.97000008e+01, 2.97000008e+01
1.21951222e+00, -4.57317066e+00, 1.07134148e+02,-2.41210938e-01, -1.00976562e+00, 1.34960938e+00,-5.68499985e+01, 2.52000008e+01, 2.82000008e+01
-4.23780479e+01, 2.25609756e+00, 2.79024384e+02,-3.09082031e-01, -8.19335938e-01, 1.17871094e+00,-5.89500008e+01, 1.48500004e+01, 2.35499992e+01
-5.21341476e+01, -2.08536587e+01, 2.78963409e+02,-4.94628906e-01, -6.03027344e-01, 1.11425781e+00,-5.71500015e+01, 1.95000005e+00, 2.86499996e+01
3.84146357e+00, -1.10975609e+01, 2.76829281e+01,-6.38671875e-01, -4.74121094e-01, 1.07617188e+00,-5.05499992e+01, -5.84999990e+00, 2.27999992e+01
7.66463470e+01, -6.56097565e+01, -3.57560974e+02,-3.35937500e-01, -7.27539062e-01, 1.36572266e+00,-5.72999992e+01, 9.00000000e+00, 2.67000008e+01
-1.63414631e+01, 4.08536577e+00, -1.56402435e+02,-2.13378906e-01, -9.37500000e-01, 1.23486328e+00,-5.20499992e+01, 2.93999996e+01, 2.42999992e+01
-4.45731735e+01, -8.56707306e+01, -2.93963409e+02,1.81152344e-01, -6.45507812e-01, 1.25781250e+00,-3.61500015e+01, 3.47999992e+01, 1.97999992e+01
-1.34695129e+02, -3.59756088e+01, -1.20121956e+01,2.01171875e-01, -5.28320312e-01, 8.78417969e-01,-2.42999992e+01, 3.69000015e+01, 2.35499992e+01
-2.53658543e+01, 4.26829290e+00, 4.69451233e+02,2.79785156e-01, -8.64746094e-01, 1.16796875e+00,-3.40499992e+01, 4.15499992e+01, 2.40000000e+01
-7.80487823e+01, -4.61585388e+01, 2.55914642e+02,-2.37304688e-01, -9.86328125e-01, 1.07470703e+00,-5.44500008e+01, 2.87999992e+01, 2.31000004e+01
5.65243912e+01, -5.56097565e+01, 2.07987808e+02,-2.47070312e-01, -9.16503906e-01, 1.21386719e+00,-5.72999992e+01, 1.69500008e+01, 1.80000000e+01
-2.93292694e+01, 4.37195129e+01, 2.41890244e+02,-4.69726562e-01, -5.58105469e-01, 1.10449219e+00,-5.52000008e+01, 1.79999995e+00, 2.41499996e+01
2.09756107e+01, -6.67682953e+01, -1.66768295e+02,-6.76269531e-01, -6.60156250e-01, 1.07275391e+00,-5.41500015e+01, 1.50000006e-01, 2.50499992e+01
7.19512224e+00, -3.84756088e+01, -1.42987808e+02,-1.81640625e-01, -9.25781250e-01, 1.25634766e+00,-5.57999992e+01, 2.68500004e+01, 2.37000008e+01
5.79268312e+00, -5.42682953e+01, -1.89024399e+02,2.44140625e-02, -9.39453125e-01, 1.09960938e+00,-4.62000008e+01, 3.12000008e+01, 2.02500000e+01
-3.82926826e+01, -3.23170733e+00, -9.55487823e+01,2.71484375e-01, -4.73144531e-01, 1.20751953e+00,-2.78999996e+01, 3.16499996e+01, 1.63500004e+01
-2.20731716e+01, -1.09756100e+00, 1.14329269e+02,1.42578125e-01, -5.20019531e-01, 1.13818359e+00,-2.47500000e+01, 3.37500000e+01, 2.05499992e+01
-3.44512215e+01, 4.18292694e+01, 4.18414642e+02,-1.25488281e-01, -8.55468750e-01, 1.18310547e+00,-3.94500008e+01, 3.87000008e+01, 2.44500008e+01
-1.16463413e+01, 6.21951246e+00, 2.18841461e+02,-1.85058594e-01, -7.94921875e-01, 1.30761719e+00,-5.44500008e+01, 2.53500004e+01, 2.26499996e+01
-3.11585369e+01, -1.21951218e+01, -2.01829281e+01,-1.87011719e-01, -9.34570312e-01, 1.17138672e+00,-5.49000015e+01, 2.47500000e+01, 2.53500004e+01
5.55487823e+01, -5.92073174e+01, -4.23048798e+02,2.27539062e-01, -7.20214844e-01, 1.12939453e+00,-3.28499985e+01, 3.87000008e+01, 2.05499992e+01
4.87804890e+00, 2.26219521e+01, -9.84146347e+01,1.66992188e-01, -4.96582031e-01, 1.27441406e+00,-1.97999992e+01, 3.12000008e+01, 2.17500000e+01
-2.15853672e+01, -3.22560997e+01, 2.96280487e+02,8.30078125e-02, -4.93164062e-01, 1.34667969e+00,-2.23500004e+01, 3.08999996e+01, 2.17500000e+01
-1.42012192e+02, 5.17073174e+01, 6.02621948e+02,9.57031250e-02, -3.22753906e-01, 1.39355469e+00,-3.79500008e+01, 3.64500008e+01, 2.23500004e+01
2.78048782e+01, -1.61585369e+01, 9.79268341e+01,-9.91210938e-02, -8.02246094e-01, 1.19091797e+00,-5.38499985e+01, 2.44500008e+01, 2.20499992e+01
-5.15853653e+01, 9.32926846e+00, -1.34817078e+02,-1.65039062e-01, -1.04589844e+00, 1.09863281e+00,-5.30999985e+01, 2.10000000e+01, 2.46000004e+01
-5.30487823e+00, -6.48780518e+01, -3.99451233e+02,3.89648438e-01, -4.72656250e-01, 1.17968750e+00,-3.15000000e+01, 3.50999985e+01, 2.07000008e+01
-6.90243912e+01, 6.66463394e+01, -9.95731735e+01,1.35742188e-01, -5.22460938e-01, 1.21484375e+00,-2.07000008e+01, 3.32999992e+01, 2.33999996e+01
-1.48780489e+01, -9.05487823e+01, 2.60853668e+02,1.02050781e-01, -4.28710938e-01, 1.18164062e+00,-2.33999996e+01, 3.30000000e+01, 2.26499996e+01
-1.29634155e+02, -4.75609779e+00, 4.00670746e+02,7.08007812e-02, -8.35937500e-01, 1.19042969e+00,-3.47999992e+01, 4.10999985e+01, 2.46000004e+01
-1.66463413e+01, -1.64634144e+00, 2.42500000e+02,-2.12890625e-01, -9.33105469e-01, 1.20703125e+00,-5.29500008e+01, 3.02999992e+01, 2.62500000e+01
2.81707325e+01, -7.01219511e+00, 1.91219513e+02,-1.99218750e-01, -1.03271484e+00, 1.17285156e+00,-5.89500008e+01, 2.02500000e+01, 2.07000008e+01
-7.76219559e+01, 1.26097565e+02, 3.83475616e+02,-6.73339844e-01, -8.49609375e-01, 1.42333984e+00,-5.52000008e+01, 3.00000000e+00, 2.52000008e+01
2.29878063e+01, -3.85365868e+01, -1.67073174e+01,-6.36718750e-01, -5.24414062e-01, 1.04345703e+00,-5.44500008e+01, -3.29999995e+00, 2.55000000e+01
-1.59329269e+02, -6.98170776e+01, -4.08414642e+02,-1.45507812e-01, -9.47265625e-01, 1.11962891e+00,-5.44500008e+01, -3.29999995e+00, 2.55000000e+01
-2.82926826e+01, -5.30487823e+01, -3.23902435e+02,3.17382812e-02, -1.05371094e+00, 1.19140625e+00,-4.05000000e+01, 3.75000000e+01, 2.48999996e+01
-4.87804890e+00, 7.90853653e+01, -2.93902454e+01,-2.48535156e-01, 4.05273438e-02, 9.02343750e-01,-1.95000000e+01, 3.39000015e+01, 2.46000004e+01
-6.57926865e+01, -1.18109756e+02, 3.43597565e+02,2.33398438e-01, -5.73730469e-01, 1.13720703e+00,-2.23500004e+01, 3.16499996e+01, 2.17500000e+01
-6.39024391e+01, -7.12804871e+01, 4.64939026e+02,-3.46679688e-02, -1.03271484e+00, 1.11816406e+00,-4.18499985e+01, 3.88499985e+01, 2.40000000e+01
1.67682934e+01, -6.32317085e+01, 1.81951218e+02,-1.90917969e-01, -1.03027344e+00, 1.18408203e+00,-5.65499992e+01, 2.38500004e+01, 2.26499996e+01
-1.00975609e+02, -2.89634151e+01, 3.53353668e+02,-4.29687500e-01, -8.50585938e-01, 1.21826172e+00,-5.71500015e+01, 6.15000010e+00, 1.99500008e+01
4.27439041e+01, -5.24390268e+00, 5.61585388e+01,-6.28906250e-01, -4.94628906e-01, 1.19482422e+00,-5.10000000e+01, -3.90000010e+00, 2.78999996e+01
-1.76829281e+01, -1.73170738e+01, -2.94390259e+02,-5.13183594e-01, -5.64453125e-01, 1.14990234e+00,-5.71500015e+01, 4.34999990e+00, 3.07500000e+01
4.26829290e+00, -2.81097565e+01, -1.37317078e+02,-5.95703125e-02, -1.22460938e+00, 1.11523438e+00,-5.45999985e+01, 2.37000008e+01, 2.68500004e+01
-8.65853691e+00, -8.67073212e+01, -3.20121948e+02,-1.24511719e+00, -1.70019531e+00, 1.12060547e+00,-4.20000000e+01, 3.75000000e+01, 2.41499996e+01
-1.76829281e+01, 4.93902445e+00, 3.04878044e+00,4.80957031e-01, -8.45703125e-01, 1.11035156e+00,-2.97000008e+01, 3.73499985e+01, 1.99500008e+01
7.26829300e+01, 5.19512215e+01, -1.39634155e+02,5.24902344e-01, -9.02832031e-01, 1.01074219e+00,-2.87999992e+01, 3.97500000e+01, 2.41499996e+01
-1.64024391e+01, 2.20121956e+01, -1.37743912e+02,1.41601562e-01, -1.80664062e-01, 1.06005859e+00,-1.65000000e+01, 2.29500008e+01, 2.10000000e+01
5.91463423e+00, 1.14634151e+01, 2.71951218e+01,-8.25195312e-02, -1.71386719e-01, 1.17236328e+00,-2.01000004e+01, 1.69500008e+01, 1.69500008e+01
3.27439041e+01, 4.77439041e+01, 8.94512253e+01,3.46191406e-01, -6.88476562e-01, 1.12109375e+00,-1.84500008e+01, 3.24000015e+01, 2.27999992e+01
-5.18292694e+01, 7.83536606e+01, 3.27256104e+02,-3.36914062e-02, -7.27050781e-01, 1.10205078e+00,-2.48999996e+01, 3.69000015e+01, 2.17500000e+01
8.17682953e+01, -4.21951218e+01, 2.23719513e+02,-7.03125000e-02, -8.73535156e-01, 9.82421875e-01,-5.02500000e+01, 2.74500008e+01, 1.63500004e+01
2.02439022e+01, 2.62195134e+00, 1.62987808e+02,5.37109375e-02, -8.67675781e-01, 1.24121094e+00,-5.11500015e+01, 2.01000004e+01, 1.93500004e+01
7.42073212e+01, 6.64634171e+01, 2.78414642e+02,-7.47070312e-02, -6.47460938e-01, 1.23144531e+00,-5.11500015e+01, 7.94999981e+00, 2.08500004e+01
-3.04268303e+01, -5.14634171e+01, -9.21341476e+01,-1.20605469e-01, -6.29394531e-01, 1.23046875e+00,-5.20499992e+01, 6.59999990e+00, 2.53500004e+01
-3.49390259e+01, -3.86585388e+01, -1.42378052e+02,-4.77050781e-01, -9.53125000e-01, 1.18212891e+00,-5.20499992e+01, 6.59999990e+00, 2.53500004e+01
4.03658562e+01, -2.39268295e+02, -5.94390259e+02,2.93457031e-01, -4.89257812e-01, 1.07128906e+00,-3.99000015e+01, 3.24000015e+01, 1.92000008e+01
-2.90243912e+01, 4.96341476e+01, -1.10243904e+02,3.18847656e-01, -3.98925781e-01, 1.02099609e+00,-1.95000000e+01, 3.16499996e+01, 2.17500000e+01
-9.57317066e+00, -3.60975609e+01, 1.04695122e+02,1.72363281e-01, -3.98925781e-01, 1.12841797e+00,-1.88999996e+01, 2.76000004e+01, 2.23500004e+01
-1.64634151e+01, 7.37804890e+00, 5.05670746e+02,3.73046875e-01, -6.23535156e-01, 1.06542969e+00,-3.13500004e+01, 3.75000000e+01, 2.11499996e+01
4.04878044e+01, 5.22560997e+01, 3.06341461e+02,-3.46679688e-02, -8.11035156e-01, 1.14404297e+00,-4.87500000e+01, 2.67000008e+01, 1.92000008e+01
3.36585388e+01, -2.38414631e+01, 1.49878052e+02,-6.10351562e-02, -7.06054688e-01, 1.28906250e+00,-5.30999985e+01, 1.67999992e+01, 1.81499996e+01
5.12195110e+00, 7.01829300e+01, 3.36219513e+02,-1.47949219e-01, -5.97656250e-01, 1.21484375e+00,-5.44500008e+01, 5.25000000e+00, 2.11499996e+01
-3.95731735e+01, 1.07134148e+02, 1.62195129e+02,-5.76660156e-01, -3.71582031e-01, 1.04394531e+00,-4.55999985e+01, -6.44999981e+00, 2.70000000e+01
1.87195129e+01, -1.14390244e+02, -2.18780487e+02,-4.89746094e-01, -5.41015625e-01, 1.19482422e+00,-5.07000008e+01, -3.00000000e+00, 2.55000000e+01
-3.46341476e+01, -5.51829300e+01, -2.32987808e+02,-1.46972656e-01, -8.88183594e-01, 1.15429688e+00,-5.53499985e+01, 2.10000000e+01, 2.10000000e+01
-9.26829243e+00, 1.75000000e+01, -2.56341461e+02,-2.95898438e-01, -1.19970703e+00, 1.04541016e+00,-4.40999985e+01, 3.64500008e+01, 2.37000008e+01
2.15243912e+01, 3.67682953e+01, -1.56707321e+02,2.25585938e-01, -5.00000000e-01, 1.19628906e+00,-1.81499996e+01, 3.25499992e+01, 2.23500004e+01
-2.75609760e+01, 2.00609760e+01, -2.98780489e+00,2.44628906e-01, -3.50097656e-01, 1.07470703e+00,-1.87500000e+01, 2.59500008e+01, 1.99500008e+01
-1.22560982e+02, 3.58536606e+01, 5.19207336e+02,6.10351562e-02, -5.09277344e-01, 1.15820312e+00,-2.40000000e+01, 3.30000000e+01, 2.05499992e+01
-7.25000000e+01, -3.63414650e+01, 4.41158539e+02,-2.02148438e-01, -1.09375000e+00, 1.12255859e+00,-5.05499992e+01, 3.58499985e+01, 2.42999992e+01
-2.80487804e+01, -4.54268303e+01, 3.00000000e+02,-3.63281250e-01, -1.03173828e+00, 1.09521484e+00,-5.98499985e+01, 2.01000004e+01, 2.23500004e+01
5.76219521e+01, 8.84146404e+00, 2.61158539e+02,-2.60253906e-01, -8.22265625e-01, 1.26611328e+00,-5.29500008e+01, 4.80000019e+00, 2.31000004e+01
-1.74390240e+01, 3.65853667e+00, 9.76219559e+01,-4.72167969e-01, -4.32617188e-01, 1.07861328e+00,-4.30499992e+01, -3.75000000e+00, 2.23500004e+01
-4.14634132e+00, 2.49390259e+01, -3.14817078e+02,-5.00000000e-01, -4.99511719e-01, 1.05126953e+00,-4.69500008e+01, -5.84999990e+00, 2.40000000e+01
-5.07317085e+01, 1.67682934e+01, -2.95243896e+02,-5.61523438e-02, -9.28710938e-01, 1.09765625e+00,-5.15999985e+01, 2.93999996e+01, 2.25000000e+01
1.19634148e+02, -5.83536606e+01, -3.45670746e+02,1.88476562e-01, -9.78027344e-01, 1.01611328e+00,-3.50999985e+01, 3.64500008e+01, 2.11499996e+01
-5.18292694e+01, 7.61585388e+01, -8.13414688e+01,4.87304688e-01, -4.45800781e-01, 1.08203125e+00,-2.07000008e+01, 3.45000000e+01, 2.48999996e+01
-9.39024448e+00, 2.33536587e+01, 5.39024391e+01,2.70507812e-01, -5.94238281e-01, 1.10595703e+00,-1.84500008e+01, 3.35999985e+01, 2.42999992e+01
-1.73780499e+01, -5.84756126e+01, 6.14146362e+02,3.58398438e-01, -7.07031250e-01, 1.13183594e+00,-2.78999996e+01, 3.91500015e+01, 2.35499992e+01
-5.79878044e+01, 2.19512200e+00, 3.11402435e+02,-5.61035156e-01, -1.14208984e+00, 1.47412109e+00,-5.41500015e+01, 2.74500008e+01, 2.53500004e+01
1.82926834e+00, -5.67682953e+01, 3.88475616e+02,-2.02636719e-01, -1.13574219e+00, 1.21142578e+00,-5.60999985e+01, 1.15500002e+01, 1.99500008e+01
-3.53658562e+01, 5.54878044e+00, 1.67987808e+02,-5.67382812e-01, -4.00390625e-01, 1.04394531e+00,-4.60499992e+01, -3.75000000e+00, 2.33999996e+01
8.17073154e+00, -3.10975609e+01, -1.40243902e+01,-5.03906250e-01, -5.25878906e-01, 1.09423828e+00,-4.35000000e+01, -5.55000019e+00, 1.87500000e+01
-4.54878044e+01, -1.09268295e+02, -5.28780518e+02,-2.09960938e-01, -9.71679688e-01, 1.20556641e+00,-5.32500000e+01, 9.75000000e+00, 2.31000004e+01
-2.95731716e+01, 1.55487804e+01, -2.27012207e+02,1.64550781e-01, -9.58496094e-01, 1.18701172e+00,-4.44000015e+01, 3.19500008e+01, 2.10000000e+01
-2.23170738e+01, -3.26829262e+01, -1.47560974e+02,4.62402344e-01, -4.76074219e-01, 1.00585938e+00,-2.26499996e+01, 3.55499992e+01, 2.08500004e+01
-2.48170738e+01, 1.35365858e+01, 9.26829243e+00,3.80859375e-01, -4.71191406e-01, 1.07568359e+00,-1.67999992e+01, 2.87999992e+01, 2.18999996e+01
-2.25609756e+00, 4.69512215e+01, 4.23841461e+02,2.94433594e-01, -5.41015625e-01, 1.14306641e+00,-2.46000004e+01, 3.54000015e+01, 2.25000000e+01
6.39024391e+01, 2.23170738e+01, 3.46829285e+02,-3.32031250e-02, -8.47167969e-01, 1.12744141e+00,-4.82999992e+01, 2.82000008e+01, 1.78500004e+01
-3.10365868e+01, -3.40853653e+01, 2.27804886e+02,-2.44628906e-01, -7.35351562e-01, 8.18847656e-01,-5.62500000e+01, 2.26499996e+01, 2.11499996e+01
2.78658543e+01, 6.84146347e+01, 4.58536591e+02,-1.92382812e-01, -1.02392578e+00, 1.33349609e+00,-5.04000015e+01, 3.00000000e+00, 2.01000004e+01
-4.42073174e+01, -1.53597565e+02, 1.40487808e+02,-4.21875000e-01, -4.25292969e-01, 1.14111328e+00,-4.24500008e+01, -5.84999990e+00, 2.14500008e+01
2.20121956e+01, 5.85365868e+00, -1.99390240e+01,-4.19433594e-01, -4.37500000e-01, 1.16308594e+00,-3.97500000e+01, -6.75000000e+00, 1.97999992e+01
-6.56707306e+01, -1.47560974e+02, -3.47439026e+02,-1.74316406e-01, -7.01171875e-01, 1.27148438e+00,-5.12999992e+01, 7.65000010e+00, 1.96499996e+01
-1.14451225e+02, -3.20121956e+01, -2.24390244e+02,6.56738281e-01, -1.14355469e+00, 1.14941406e+00,-4.87500000e+01, 2.52000008e+01, 1.88999996e+01
7.49390259e+01, -1.05243904e+02, -6.08048767e+02,6.14257812e-01, -6.60156250e-01, 1.30908203e+00,-3.52500000e+01, 3.73499985e+01, 2.02500000e+01
-1.68902435e+01, 1.64634151e+01, -1.15243902e+01,4.26269531e-01, -3.83789062e-01, 1.07177734e+00,-1.80000000e+01, 2.93999996e+01, 2.25000000e+01
-4.03658562e+01, 1.35975609e+01, 2.75121948e+02,3.71093750e-01, -4.36035156e-01, 1.07275391e+00,-2.26499996e+01, 3.15000000e+01, 1.87500000e+01
7.26219559e+01, 2.46951218e+01, 4.31951233e+02,1.70898438e-01, -1.07470703e+00, 1.20019531e+00,-4.99500008e+01, 2.98500004e+01, 2.01000004e+01
1.51829271e+01, -7.09756088e+01, 3.22073181e+02,-1.57226562e-01, -1.06640625e+00, 9.74121094e-01,-5.49000015e+01, 2.05499992e+01, 1.78500004e+01
-5.68292694e+01, 2.57987823e+02, 4.00304901e+02,-7.16308594e-01, -2.71972656e-01, 9.89257812e-01,-4.45499992e+01, -3.29999995e+00, 2.37000008e+01
-1.58536587e+01, -6.70731735e+01, 5.96341476e+01,-7.25585938e-01, -4.12109375e-01, 8.95019531e-01,-4.44000015e+01, -6.59999990e+00, 2.93999996e+01
6.79268341e+01, -1.15975609e+02, -1.79024399e+02,-7.41699219e-01, -2.20214844e-01, 9.10156250e-01,-4.63499985e+01, -4.50000000e+00, 2.72999992e+01
-2.95731716e+01, -5.93902435e+01, -2.47134155e+02,-5.62500000e-01, -1.10253906e+00, 9.47265625e-01,-5.53499985e+01, 1.48500004e+01, 2.27999992e+01
-5.33536606e+01, -4.26219521e+01, -2.09939026e+02,2.10449219e-01, -1.25195312e+00, 1.05517578e+00,-4.90499992e+01, 3.08999996e+01, 2.07000008e+01
-5.24390268e+00, -2.31707311e+00, -2.10548782e+02,4.84375000e-01, -4.74609375e-01, 1.03662109e+00,-2.22000008e+01, 3.47999992e+01, 2.37000008e+01
-1.95731716e+01, 1.28658543e+01, 2.47560978e+01,3.80859375e-01, -3.15917969e-01, 1.05859375e+00,-1.67999992e+01, 2.65499992e+01, 2.23500004e+01
-2.18414642e+02, 1.32743912e+02, 5.89573181e+02,2.49511719e-01, -3.95019531e-01, 9.12109375e-01,-2.35499992e+01, 3.16499996e+01, 1.88999996e+01
-4.19512215e+01, -2.96341476e+01, 4.69573181e+02,-8.01269531e-01, -1.00781250e+00, 1.30126953e+00,-5.40000000e+01, 2.61000004e+01, 2.31000004e+01
-5.91463423e+00, -8.40243912e+01, 1.94512207e+02,-3.65234375e-01, -8.80371094e-01, 1.11767578e+00,-5.38499985e+01, 1.03500004e+01, 2.20499992e+01
3.45121956e+01, -8.60365906e+01, 2.86158539e+02,-4.28710938e-01, -6.44042969e-01, 1.13183594e+00,-4.21500015e+01, -2.70000005e+00, 2.17500000e+01
-1.18292685e+01, 4.10365868e+01, 2.45121956e+01,-2.71484375e-01, -5.55664062e-01, 1.16650391e+00,-3.72000008e+01, -3.29999995e+00, 1.51499996e+01
-6.32317085e+01, -4.87195129e+01, -4.07804901e+02,-6.01562500e-01, -8.29589844e-01, 1.21875000e+00,-4.74000015e+01, 3.00000012e-01, 2.26499996e+01
-6.15853691e+00, -8.53658557e-01, -1.74207321e+02,1.36718750e-02, -9.85351562e-01, 1.12304688e+00,-4.97999992e+01, 2.82000008e+01, 2.25000000e+01
-3.60365868e+01, -4.53048782e+01, -2.10121964e+02,4.46777344e-01, -9.80957031e-01, 1.10986328e+00,-4.05000000e+01, 3.79500008e+01, 2.05499992e+01
-3.60975609e+01, 7.39634171e+01, -7.61585388e+01,5.19531250e-01, -7.24121094e-01, 1.09521484e+00,-2.42999992e+01, 3.80999985e+01, 2.57999992e+01
-2.23780499e+01, 2.01219521e+01, 4.26829278e-01,3.87695312e-01, -6.19140625e-01, 9.90234375e-01,-2.05499992e+01, 3.80999985e+01, 2.97000008e+01
5.43902435e+01, 6.70731723e-01, 3.94512207e+02,3.93066406e-01, -7.67089844e-01, 1.26318359e+00,-2.97000008e+01, 3.88499985e+01, 2.40000000e+01
-7.82926865e+01, -2.06524399e+02, -1.23475609e+02,-4.83398438e-02, -1.33398438e+00, 1.00732422e+00,-5.26500015e+01, 2.46000004e+01, 2.11499996e+01
-3.00609760e+01, 3.53658533e+00, 1.77560974e+02,1.67724609e+00, -1.57861328e+00, 5.69824219e-01,-5.26500015e+01, 2.11499996e+01, 1.97999992e+01
-3.18292694e+01, -4.34146347e+01, 2.43231720e+02,-4.11621094e-01, -1.01123047e+00, 1.15820312e+00,-5.12999992e+01, 1.03500004e+01, 2.20499992e+01
-7.80487823e+00, -3.34756088e+01, 7.09146347e+01,-3.20312500e-01, -9.29687500e-01, 1.20166016e+00,-4.36500015e+01, 6.15000010e+00, 1.78500004e+01
1.34146347e+01, 6.20731735e+01, -9.14024429e+01,-4.24316406e-01, -9.19921875e-01, 1.15136719e+00,-4.40999985e+01, 7.19999981e+00, 1.80000000e+01
-5.30487823e+00, -1.74390240e+01, -2.38292694e+02,-1.00097656e-01, -1.11035156e+00, 1.01611328e+00,-5.22000008e+01, 1.81499996e+01, 1.62000008e+01
-2.19512196e+01, -6.03658533e+00, -1.50487808e+02,2.89062500e-01, -8.97460938e-01, 1.16162109e+00,-4.45499992e+01, 3.40499992e+01, 2.16000004e+01
-6.36585388e+01, -2.86585369e+01, -2.01402451e+02,6.11328125e-01, -8.92578125e-01, 1.23632812e+00,-3.30000000e+01, 3.80999985e+01, 2.20499992e+01
-6.03658533e+00, 2.92073174e+01, -3.42682953e+01,4.18945312e-01, -7.14843750e-01, 9.26269531e-01,-2.20499992e+01, 3.69000015e+01, 2.32500000e+01
-4.32926846e+00, 1.23780489e+01, 8.53658524e+01,3.23730469e-01, -5.28320312e-01, 1.03906250e+00,-1.62000008e+01, 3.43499985e+01, 2.97000008e+01
2.67682934e+01, 8.29268265e+00, 1.78658543e+01,4.25292969e-01, -1.06933594e+00, 1.21679688e+00,-2.14500008e+01, 3.45000000e+01, 2.55000000e+01
9.75609779e-01, -1.93292694e+01, 7.46951218e+01,2.79785156e-01, -4.84863281e-01, 1.15136719e+00,-2.22000008e+01, 3.45000000e+01, 2.44500008e+01
-5.30487823e+01, -2.98780489e+00, 1.75304886e+02,-1.90917969e-01, -6.97753906e-01, 1.23779297e+00,-2.18999996e+01, 3.52500000e+01, 2.67000008e+01
-1.75609760e+01, -1.22012199e+02, 1.99939026e+02,2.29980469e-01, -6.83105469e-01, 1.44824219e+00,-2.42999992e+01, 3.73499985e+01, 2.82000008e+01
-3.71951222e+00, -9.75609779e+00, 5.06707344e+01,4.35058594e-01, -6.41113281e-01, 1.10546875e+00,-2.46000004e+01, 3.84000015e+01, 2.82000008e+01
-4.32926846e+00, -8.96341515e+00, 4.99390259e+01,4.27734375e-01, -6.36718750e-01, 1.10400391e+00,-2.48999996e+01, 3.80999985e+01, 2.93999996e+01
-2.80487800e+00, -1.25609760e+01, 5.21341476e+01,4.58984375e-01, -6.10839844e-01, 1.09472656e+00,-2.46000004e+01, 3.80999985e+01, 2.86499996e+01
6.21951246e+00, -2.11585369e+01, 6.90853653e+01,4.05273438e-01, -6.12792969e-01, 1.04638672e+00,-2.52000008e+01, 3.64500008e+01, 2.85000000e+01
-3.65853667e+00, 3.17073178e+00, 5.08536606e+01,4.77050781e-01, -6.68945312e-01, 1.10839844e+00,-2.40000000e+01, 3.72000008e+01, 2.72999992e+01
-3.65853667e+00, -5.67073202e+00, 5.28048782e+01,4.79492188e-01, -6.57226562e-01, 1.13281250e+00,-2.44500008e+01, 3.60000000e+01, 2.98500004e+01
-1.33536587e+01, -1.78658543e+01, 4.67682953e+01,4.73144531e-01, -6.51367188e-01, 1.13476562e+00,-2.52000008e+01, 3.67500000e+01, 2.87999992e+01
-3.35365868e+00, -3.84146357e+00, 5.18292694e+01,4.78027344e-01, -6.38671875e-01, 1.06152344e+00,-2.38500004e+01, 3.61500015e+01, 3.00000000e+01
2.37804890e+00, 3.81707344e+01, 5.21951218e+01,5.20996094e-01, -6.98730469e-01, 8.92578125e-01,-2.38500004e+01, 3.73499985e+01, 2.86499996e+01
-1.51219511e+01, -4.93902445e+00, 3.36585388e+01,4.87304688e-01, -6.51367188e-01, 1.05859375e+00,-2.53500004e+01, 3.65999985e+01, 2.97000008e+01
-2.15243912e+01, 1.16463413e+01, 5.45731735e+01,5.47851562e-01, -6.94335938e-01, 1.11083984e+00,-2.40000000e+01, 3.67500000e+01, 2.95499992e+01
-3.35365868e+00, -8.59756088e+00, 5.21341476e+01,4.72656250e-01, -6.34765625e-01, 1.07177734e+00,-2.26499996e+01, 3.79500008e+01, 3.02999992e+01
-3.10975623e+00, -9.20731735e+00, 5.25000000e+01,4.72167969e-01, -6.35742188e-01, 1.07617188e+00,-2.38500004e+01, 3.69000015e+01, 2.93999996e+01
-7.28048782e+01, 1.62195129e+01, -6.25609779e+01,1.17187500e+00, -7.63671875e-01, 1.09667969e+00,-2.31000004e+01, 3.65999985e+01, 3.04500008e+01
-6.45121994e+01, -5.13414650e+01, 2.96463409e+02,6.51855469e-01, -8.68164062e-01, 9.58496094e-01,-2.98500004e+01, 4.05000000e+01, 2.87999992e+01
1.33536587e+01, 5.97560997e+01, 2.00182938e+02,1.33789062e-01, -1.25390625e+00, 1.13720703e+00,-4.18499985e+01, 4.25999985e+01, 2.89500008e+01
3.43902435e+01, -3.12804890e+01, 1.26829269e+02,9.27734375e-02, -9.12597656e-01, 1.21289062e+00,-4.77000008e+01, 3.24000015e+01, 2.10000000e+01
2.70731716e+01, 3.63414650e+01, 1.66951218e+02,4.12597656e-01, -9.28222656e-01, 1.31787109e+00,-4.93499985e+01, 1.93500004e+01, 1.93500004e+01
7.98780489e+00, 5.09146347e+01, 1.58841461e+02,-2.02148438e-01, -7.02148438e-01, 1.23291016e+00,-5.04000015e+01, 3.29999995e+00, 1.93500004e+01
1.90243912e+01, -1.71341476e+01, 1.46036591e+02,-2.34375000e-01, -5.38574219e-01, 1.23730469e+00,-4.63499985e+01, -3.00000000e+00, 2.08500004e+01
-1.03658543e+01, 3.85365868e+01, 2.43902435e+01,-2.55859375e-01, -5.00000000e-01, 1.17480469e+00,-4.29000015e+01, -5.09999990e+00, 1.96499996e+01
9.51219559e+00, -3.71341476e+01, -1.33170731e+02,-3.80859375e-02, -7.48535156e-01, 1.75341797e+00,-5.40000000e+01, 4.80000019e+00, 2.11499996e+01
-4.09756088e+01, -6.12804909e+01, -1.11463417e+02,-8.39843750e-02, -7.58300781e-01, 1.11083984e+00,-5.41500015e+01, 1.60499992e+01, 2.27999992e+01
1.28658543e+01, -4.42073174e+01, -1.37804886e+02,-5.95703125e-02, -8.01757812e-01, 1.16308594e+00,-4.85999985e+01, 3.25499992e+01, 2.37000008e+01
8.90243912e+00, -4.26219521e+01, -3.18048798e+02,2.91015625e-01, -6.34765625e-01, 1.18261719e+00,-3.01499996e+01, 3.69000015e+01, 2.10000000e+01
-2.62195129e+01, 1.58536589e+00, 7.62804871e+01,1.74316406e-01, -3.36425781e-01, 1.13964844e+00,-2.11499996e+01, 3.22500000e+01, 2.08500004e+01
-2.14024391e+01, -5.97560978e+00, -7.48170776e+01,6.68945312e-02, -5.03417969e-01, 1.28466797e+00,-2.01000004e+01, 3.22500000e+01, 2.23500004e+01
7.76219559e+01, 3.43902435e+01, 4.25121948e+02,-4.29687500e-02, -4.47753906e-01, 1.22753906e+00,-2.38500004e+01, 3.16499996e+01, 2.20499992e+01
-3.59146347e+01, 3.75609779e+01, 3.18292694e+02,-1.19628906e-01, -5.71289062e-01, 1.17138672e+00,-4.78499985e+01, 2.72999992e+01, 1.93500004e+01
4.21951218e+01, -5.65853653e+01, 3.31524384e+02,9.81445312e-02, -7.94921875e-01, 1.33203125e+00,-5.29500008e+01, 1.73999996e+01, 1.57500000e+01
8.36585388e+01, 2.19573181e+02, 3.12012207e+02,-2.96386719e-01, -4.76074219e-01, 1.29345703e+00,-4.96500015e+01, -3.29999995e+00, 2.08500004e+01
8.04878082e+01, -3.32317085e+01, 3.70731697e+01,-5.62500000e-01, -3.00781250e-01, 1.07324219e+00,-4.44000015e+01, -9.60000038e+00, 2.40000000e+01
-1.13414635e+02, -1.26463417e+02, -3.94817078e+02,-6.08886719e-01, -6.67480469e-01, 7.88574219e-01,-5.64000015e+01, 1.20000005e+00, 3.12000008e+01
3.60975609e+01, -9.15243912e+01, -1.89451218e+02,-6.05468750e-02, -9.83398438e-01, 1.35937500e+00,-5.11500015e+01, 2.76000004e+01, 1.90499992e+01
-7.15243912e+01, -3.23170738e+01, -2.31890244e+02,3.12988281e-01, -4.52636719e-01, 1.02929688e+00,-2.46000004e+01, 3.04500008e+01, 1.81499996e+01
-3.97560997e+01, 1.81097565e+01, 1.84329269e+02,2.87597656e-01, -5.37109375e-01, 1.09179688e+00,-1.86000004e+01, 2.98500004e+01, 2.18999996e+01
1.61402435e+02, 3.56097565e+01, 4.33963440e+02,-8.15429688e-02, -5.85449219e-01, 7.77832031e-01,-4.03499985e+01, 2.86499996e+01, 1.88999996e+01
3.92073174e+01, 5.42682934e+00, -2.18231720e+02,2.42333984e+00, -1.73925781e+00, 2.14843750e+00,-4.63499985e+01, 1.58999996e+01, 2.18999996e+01
1.89024389e+00, 5.77439041e+01, 1.95304886e+02,5.36621094e-01, -8.24707031e-01, 8.75000000e-01,-4.35000000e+01, 1.04999995e+00, 1.75499992e+01
4.51219511e+00, 1.02804878e+02, 1.84756107e+01,-4.88281250e-03, -3.64257812e-01, 1.08007812e+00,-4.70999985e+01, 3.29999995e+00, 1.82999992e+01
-4.95121956e+01, -5.70121956e+01, -1.58170731e+02,1.60156250e-01, -6.13281250e-01, 1.27099609e+00,-4.67999992e+01, 2.08500004e+01, 1.87500000e+01
4.87195129e+01, -3.18536591e+02, -5.99756104e+02,6.86035156e-01, -3.59863281e-01, 1.12207031e+00,-3.46500015e+01, 2.68500004e+01, 1.62000008e+01
-1.06097565e+01, -6.18902435e+01, -2.64024391e+01,5.58105469e-01, -1.59667969e-01, 8.99902344e-01,-1.48500004e+01, 2.23500004e+01, 2.26499996e+01
4.40243912e+01, 1.44390244e+02, 3.34817078e+02,5.49804688e-01, -1.51855469e-01, 7.91992188e-01,-1.65000000e+01, 2.40000000e+01, 2.35499992e+01
5.19512215e+01, 8.94512253e+01, 3.03719513e+02,3.27636719e-01, -8.40332031e-01, 1.19433594e+00,-4.24500008e+01, 2.89500008e+01, 1.66499996e+01
1.04878054e+01, -7.08536606e+01, 1.15365860e+02,1.32324219e-01, -8.16894531e-01, 1.25439453e+00,-4.67999992e+01, 2.03999996e+01, 1.82999992e+01
8.35365868e+00, 2.56097555e+00, 4.52012207e+02,-9.22851562e-02, -9.72167969e-01, 1.24365234e+00,-4.93499985e+01, 8.25000000e+00, 2.18999996e+01
7.19512224e+00, 8.18902435e+01, 1.37134155e+02,-4.46289062e-01, 3.29589844e-01, 1.27783203e+00,-4.12500000e+01, -7.19999981e+00, 2.62500000e+01
1.45121956e+01, -8.14024429e+01, -4.17682953e+01,-4.88769531e-01, -3.50585938e-01, 1.20263672e+00,-3.77999992e+01, -6.59999990e+00, 2.40000000e+01
-4.11463409e+02, -1.74024399e+02, -4.14390259e+02,-2.50488281e-01, -7.25585938e-01, 1.21777344e+00,-4.72500000e+01, -1.50000006e-01, 2.10000000e+01
1.46951227e+01, 6.09756112e-01, -1.33658539e+02,2.60253906e-01, -1.28222656e+00, 1.09423828e+00,-4.39500008e+01, 3.31500015e+01, 2.42999992e+01
-1.61585369e+01, -3.12195129e+01, -1.99878052e+02,6.78710938e-01, -8.52050781e-01, 8.54003906e-01,-2.61000004e+01, 3.80999985e+01, 1.99500008e+01
7.95121994e+01, 7.17682953e+01, 2.32012207e+02,5.58593750e-01, -6.94335938e-01, 1.08886719e+00,-2.52000008e+01, 3.55499992e+01, 2.01000004e+01
3.23170733e+00, -7.97560959e+01, 1.61219513e+02,3.37402344e-01, -9.31640625e-01, 1.31982422e+00,-4.35000000e+01, 2.95499992e+01, 1.28999996e+01
1.62560974e+02, -1.10975609e+01, 1.00548782e+02,4.74121094e-01, -1.03076172e+00, 1.30224609e+00,-4.14000015e+01, 1.75499992e+01, 8.39999962e+00
-2.48780499e+01, -6.41463394e+01, 6.29268303e+01,5.00000000e-01, -4.52636719e-01, 1.03808594e+00,-4.05000000e+01, 1.46999998e+01, 9.30000019e+00
-7.36585388e+01, 8.57926865e+01, 1.34024399e+02,3.81835938e-01, -9.26757812e-01, 1.12744141e+00,-3.94500008e+01, 2.57999992e+01, 1.80000000e+01
-2.92682934e+01, -8.23170776e+01, -3.63414650e+01,-1.90429688e-02, -9.65332031e-01, 9.43847656e-01,-4.51500015e+01, 2.89500008e+01, 1.24499998e+01
7.59756088e+01, 9.73170776e+01, 3.71646362e+02,1.51855469e-01, -1.22607422e+00, 1.27490234e+00,-4.87500000e+01, 2.14500008e+01, 1.84500008e+01
-6.09756126e+01, 3.21951218e+01, 3.52500000e+02,-5.56640625e-01, -8.13476562e-01, 1.15820312e+00,-4.70999985e+01, -3.00000012e-01, 2.52000008e+01
1.81097565e+01, -6.76829290e+00, 2.19512196e+01,7.81250000e-03, -3.92578125e-01, 1.14550781e+00,-4.35000000e+01, -4.50000000e+00, 2.31000004e+01
-2.48170738e+01, -2.99390259e+01, -3.72743896e+02,-4.34570312e-01, -6.41113281e-01, 1.31884766e+00,-4.77000008e+01, -1.50000006e-01, 2.27999992e+01
-1.24634148e+02, -1.39085373e+02, -2.74756104e+02,6.74316406e-01, -9.79492188e-01, 1.10400391e+00,-4.03499985e+01, 3.27000008e+01, 2.27999992e+01
-1.49390249e+01, -1.48170738e+01, 4.04268303e+01,3.85253906e-01, -7.38769531e-01, 9.95117188e-01,-3.31500015e+01, 3.60000000e+01, 2.08500004e+01
3.22560997e+01, 9.12804871e+01, 4.14817078e+02,7.47070312e-02, -1.13720703e+00, 1.03857422e+00,-4.87500000e+01, 2.62500000e+01, 1.66499996e+01
1.30670731e+02, 8.65853691e+00, 3.79085388e+02,-2.29980469e-01, -1.54101562e+00, 1.41796875e+00,-4.67999992e+01, 3.00000012e-01, 1.90499992e+01
6.03048782e+01, 6.89634171e+01, 1.60548782e+02,-4.21875000e-01, -2.96386719e-01, 1.10644531e+00,-4.10999985e+01, -8.39999962e+00, 2.82000008e+01
5.32926826e+01, -7.73170776e+01, -1.51219511e+01,-4.56054688e-01, -1.32812500e-01, 1.11132812e+00,-3.54000015e+01, -1.01999998e+01, 2.85000000e+01
-1.53658539e+02, -1.41524399e+02, -5.40792725e+02,9.27734375e-03, -6.53320312e-01, 1.07080078e+00,-5.44500008e+01, 9.44999981e+00, 2.18999996e+01
-2.50609760e+01, -1.17682934e+01, -2.13780487e+02,9.24316406e-01, -9.77050781e-01, 1.22363281e+00,-4.18499985e+01, 3.24000015e+01, 2.17500000e+01
-3.29878044e+01, -6.07926826e+01, -2.31829269e+02,4.57031250e-01, -6.01562500e-01, 1.02001953e+00,-2.37000008e+01, 3.52500000e+01, 2.26499996e+01
1.10975609e+01, 8.20121994e+01, 5.49634155e+02,4.86816406e-01, -5.98144531e-01, 1.02978516e+00,-1.97999992e+01, 3.50999985e+01, 2.40000000e+01
2.12743912e+02, -1.21951222e-01, 3.38658539e+02,1.96289062e-01, -6.89453125e-01, 1.15966797e+00,-4.39500008e+01, 2.55000000e+01, 1.53000002e+01
7.98780489e+00, 2.06707325e+01, 1.96951218e+02,1.39160156e-01, -6.95800781e-01, 1.22949219e+00,-4.80000000e+01, 1.90499992e+01, 1.84500008e+01
-2.84756107e+01, 2.30975616e+02, 4.14085388e+02,-4.46777344e-01, -2.97851562e-01, 1.04931641e+00,-4.87500000e+01, -4.49999988e-01, 2.76000004e+01
-9.32926846e+00, -4.25609779e+01, 1.11036591e+02,-3.76464844e-01, -3.93066406e-01, 1.09472656e+00,-3.88499985e+01, -7.65000010e+00, 2.50499992e+01
-1.23719513e+02, -1.60060974e+02, -3.59573181e+02,2.16308594e-01, -3.59375000e-01, 1.11230469e+00,-4.97999992e+01, -8.99999976e-01, 2.46000004e+01
-6.20731735e+01, -1.03353661e+02, -2.27560974e+02,1.42089844e-01, -8.09082031e-01, 1.31298828e+00,-4.82999992e+01, 1.90499992e+01, 2.02500000e+01
-5.68292694e+01, 4.07317085e+01, 2.23048782e+02,7.50976562e-01, -2.00195312e-01, 9.88769531e-01,-4.48499985e+01, 2.68500004e+01, 1.87500000e+01
-4.09146347e+01, 2.37195129e+01, 2.03292694e+02,-1.85546875e-02, -1.06689453e+00, 1.29785156e+00,-5.26500015e+01, 2.33999996e+01, 1.72500000e+01
9.95121994e+01, 3.48170738e+01, 3.87378052e+02,-2.95898438e-01, -6.32324219e-01, 1.26562500e+00,-4.80000000e+01, 1.64999998e+00, 2.40000000e+01
7.15243912e+01, 2.90243912e+01, 1.70304886e+02,-3.89648438e-01, -1.63085938e-01, 9.38964844e-01,-3.62999992e+01, -1.15500002e+01, 3.22500000e+01
8.27439041e+01, -1.40853668e+02, -4.78353668e+02,-4.84375000e-01, -4.44335938e-02, 1.01171875e+00,-4.81500015e+01, -1.12500000e+01, 3.85499992e+01
-1.00000000e+01, -1.25487808e+02, -1.25975616e+02,-2.79296875e-01, -7.29492188e-01, 1.14746094e+00,-5.72999992e+01, 2.11499996e+01, 3.02999992e+01
-6.86585388e+01, -1.03048782e+01, -1.04268293e+01,3.07617188e-02, -9.29199219e-01, 1.13574219e+00,-4.65000000e+01, 3.27000008e+01, 2.27999992e+01
6.82926865e+01, -2.99390259e+01, 5.99329285e+02,-8.10546875e-02, -8.85742188e-01, 1.19970703e+00,-5.35499992e+01, 2.47500000e+01, 2.40000000e+01
1.83048782e+02, -7.38414688e+01, 2.98231720e+02,-1.43066406e-01, -9.05761719e-01, 1.16845703e+00,-4.29000015e+01, -8.99999976e-01, 1.81499996e+01
-3.50000000e+01, 1.20121956e+01, 1.84024399e+02,-4.15039062e-01, -3.24218750e-01, 1.01220703e+00,-3.47999992e+01, -8.39999962e+00, 2.63999996e+01
4.74390259e+01, -2.22560978e+01, -6.41463394e+01,-2.46093750e-01, -3.01757812e-01, 1.13427734e+00,-3.28499985e+01, -1.01999998e+01, 2.72999992e+01
-9.79268341e+01, -9.49390259e+01, -5.80914673e+02,1.85546875e-01, -6.47949219e-01, 1.13476562e+00,-5.22000008e+01, 1.16999998e+01, 2.33999996e+01
-5.48170738e+01, -1.53597565e+02, -2.23780487e+02,-7.29492188e-01, -1.40234375e+00, 9.09667969e-01,-4.03499985e+01, 3.91500015e+01, 2.50499992e+01
-5.63414650e+01, 1.87804890e+01, -1.92987808e+02,6.03027344e-01, -6.96289062e-01, 9.03808594e-01,-2.07000008e+01, 3.82500000e+01, 2.59500008e+01
-3.31707306e+01, 1.48170738e+01, 1.05975609e+02,6.10839844e-01, -5.73242188e-01, 1.06152344e+00,-1.71000004e+01, 3.37500000e+01, 2.62500000e+01
1.57256104e+02, 2.12804890e+01, 3.55060974e+02,4.18457031e-01, -1.04785156e+00, 1.05712891e+00,-3.60000000e+01, 3.84000015e+01, 2.40000000e+01
1.65731705e+02, -9.25609741e+01, 2.52865860e+02,3.46191406e-01, -7.13867188e-01, 1.34667969e+00,-4.60499992e+01, 1.88999996e+01, 1.65000000e+01
2.73170738e+01, 1.10060982e+02, 4.27560974e+02,-1.51367188e-02, -5.22460938e-01, 1.32617188e+00,-4.72500000e+01, 1.20000005e+00, 2.07000008e+01
-9.45121956e+00, -5.56707344e+01, 1.08353661e+02,-2.10937500e-01, -3.34960938e-01, 1.18945312e+00,-3.54000015e+01, -6.75000000e+00, 2.18999996e+01
-1.90243912e+02, -2.58780487e+02, -4.68414642e+02,-1.37207031e-01, -3.39843750e-01, 1.12988281e+00,-4.60499992e+01, -5.25000000e+00, 2.48999996e+01
-8.73170776e+01, -1.94512196e+01, -1.65121948e+02,2.43164062e-01, -6.41113281e-01, 1.21337891e+00,-4.21500015e+01, 2.29500008e+01, 1.81499996e+01
-2.22560978e+01, -1.28231705e+02, -2.38109756e+02,4.02832031e-01, -6.15234375e-01, 1.11523438e+00,-2.93999996e+01, 3.24000015e+01, 1.73999996e+01
-2.04878044e+01, -3.34146347e+01, 3.22560997e+01,5.06835938e-01, -2.80273438e-01, 9.65820312e-01,-1.78500004e+01, 2.61000004e+01, 2.05499992e+01
1.82865860e+02, 9.87804890e+00, 4.19878052e+02,4.00878906e-01, -7.04589844e-01, 8.75488281e-01,-3.40499992e+01, 3.24000015e+01, 1.60499992e+01
-3.95731735e+01, 4.03658562e+01, 1.08353661e+02,4.77539062e-01, -9.76074219e-01, 1.09716797e+00,-4.24500008e+01, 2.25000000e+01, 1.63500004e+01
1.21524391e+02, 1.71768295e+02, 3.94268311e+02,1.21582031e-01, -7.77343750e-01, 1.19873047e+00,-4.63499985e+01, 1.01999998e+01, 1.39499998e+01
7.98780489e+00, 2.76829281e+01, 2.54024399e+02,-2.22167969e-01, -5.01953125e-01, 1.24951172e+00,-4.24500008e+01, -3.15000010e+00, 2.32500000e+01
-3.64634171e+01, -1.77439022e+01, 1.58536591e+02,-2.70019531e-01, -4.58007812e-01, 1.11523438e+00,-3.35999985e+01, -5.25000000e+00, 2.05499992e+01
3.64634171e+01, -1.40243902e+01, -2.95182922e+02,-1.72851562e-01, -4.73632812e-01, 1.24560547e+00,-3.82500000e+01, -6.00000000e+00, 2.05499992e+01
-8.63414688e+01, -2.57926826e+01, -4.42317078e+02,1.84570312e-01, -7.82714844e-01, 1.14160156e+00,-4.81500015e+01, 1.51499996e+01, 1.75499992e+01
-4.71951218e+01, -7.12195129e+01, -2.42560974e+02,4.68261719e-01, -8.08105469e-01, 1.04443359e+00,-3.77999992e+01, 3.35999985e+01, 1.96499996e+01
-4.40243912e+01, -7.03658524e+01, -2.01036591e+02,5.05859375e-01, -2.17285156e-01, 9.14062500e-01,-1.65000000e+01, 2.74500008e+01, 2.14500008e+01
-2.49390259e+01, -9.39024448e+00, -1.63414631e+01,3.88183594e-01, -1.99707031e-01, 9.51660156e-01,-1.35000000e+01, 2.16000004e+01, 2.18999996e+01
1.41585373e+02, 3.14634151e+01, 5.18353699e+02,4.63867188e-01, -7.26562500e-01, 1.14257812e+00,-2.78999996e+01, 3.58499985e+01, 1.96499996e+01
3.10975609e+01, 5.18902435e+01, 1.44207321e+02,4.00390625e-02, -6.45019531e-01, 1.24560547e+00,-4.09500008e+01, 2.68500004e+01, 1.51499996e+01
8.30487823e+01, 6.58536606e+01, 4.40426849e+02,2.83203125e-02, -7.40722656e-01, 1.22070312e+00,-4.90499992e+01, 1.15500002e+01, 1.48500004e+01
-2.32317085e+01, 1.29268293e+01, 2.26585373e+02,-4.01367188e-01, -4.19433594e-01, 1.05273438e+00,-4.10999985e+01, -7.65000010e+00, 2.57999992e+01
1.02865852e+02, -6.93292694e+01, -5.59146347e+01,-4.33105469e-01, -1.59667969e-01, 1.14892578e+00,-3.92999992e+01, -8.39999962e+00, 2.40000000e+01
-1.70182938e+02, -1.58780487e+02, -3.87926849e+02,-2.38769531e-01, -6.75292969e-01, 1.14306641e+00,-5.15999985e+01, 4.34999990e+00, 2.27999992e+01
-5.63414650e+01, -1.46341467e+01, -1.28597565e+02,2.96386719e-01, -8.81835938e-01, 1.23339844e+00,-3.99000015e+01, 3.01499996e+01, 1.81499996e+01
2.28048782e+01, -1.43170731e+02, -3.00731720e+02,4.95117188e-01, -6.72363281e-01, 9.17968750e-01,-2.72999992e+01, 3.47999992e+01, 1.90499992e+01
4.74390259e+01, -5.48780489e+00, -3.59756112e+00,5.50781250e-01, -1.82617188e-01, 1.22753906e+00,-1.16999998e+01, 2.50499992e+01, 2.37000008e+01
1.02743904e+02, -2.27439022e+01, 3.70304901e+02,6.81152344e-01, -6.82128906e-01, 9.90234375e-01,-2.76000004e+01, 3.46500015e+01, 1.81499996e+01
-5.48780489e+00, -1.93902435e+01, -5.39634171e+01,7.67578125e-01, -7.27539062e-01, 1.22167969e+00,-3.82500000e+01, 2.68500004e+01, 1.11000004e+01
1.35914642e+02, 4.81707335e+00, 1.57682938e+02,3.63769531e-01, -1.00488281e+00, 1.10546875e+00,-4.12500000e+01, 2.65499992e+01, 1.33500004e+01
4.85975609e+01, 4.56707344e+01, 1.39390244e+02,2.54394531e-01, -9.24804688e-01, 1.18505859e+00,-4.24500008e+01, 1.87500000e+01, 1.35000000e+01
6.95121956e+00, -1.42439026e+02, 1.95548782e+02,6.12792969e-01, -6.79687500e-01, 1.00634766e+00,-4.20000000e+01, 1.31999998e+01, 1.00500002e+01
-9.14634168e-01, 2.89024391e+01, 2.95000000e+02,-3.95507812e-02, -9.11621094e-01, 1.00000000e+00,-3.94500008e+01, 6.75000000e+00, 1.28999996e+01
6.03658533e+00, 1.79268303e+01, 1.28658543e+01,-6.93359375e-02, -9.80468750e-01, 1.13134766e+00,-3.92999992e+01, 7.65000010e+00, 1.35000000e+01
6.66463394e+01, 1.13597565e+02, 9.62804871e+01,1.21093750e+00, -2.48535156e+00, 1.14257812e+00,-3.19500008e+01, 2.82000008e+01, 1.42500000e+01
-8.74390259e+01, 1.17560982e+02, 3.09146347e+01,1.93847656e-01, -1.26611328e+00, 1.03027344e+00,-3.61500015e+01, 2.72999992e+01, 1.33500004e+01
-1.89634151e+01, -1.30487804e+01, -8.65853653e+01,3.98925781e-01, -1.83837891e+00, 9.43847656e-01,-3.62999992e+01, 3.39000015e+01, 1.88999996e+01
5.36585379e+00, -2.39024391e+01, -4.09146347e+01,1.31152344e+00, -8.19824219e-01, 7.66601562e-01,-2.65499992e+01, 3.55499992e+01, 1.90499992e+01
1.12804880e+01, 5.40243912e+01, 3.77439041e+01,6.78222656e-01, -7.38281250e-01, 7.09472656e-01,-2.18999996e+01, 3.40499992e+01, 2.05499992e+01
4.51829262e+01, 6.00000000e+01, 2.83414642e+02,2.02148438e-01, -1.01806641e+00, 8.69140625e-01,-4.03499985e+01, 3.58499985e+01, 1.84500008e+01
1.43292679e+02, -2.07317085e+01, 3.68841461e+02,4.24804688e-02, -1.07470703e+00, 1.05712891e+00,-4.74000015e+01, 2.68500004e+01, 1.57500000e+01
7.56707306e+01, -2.21951218e+01, 3.79756104e+02,-2.55859375e-01, -7.56347656e-01, 1.14648438e+00,-4.51500015e+01, 4.34999990e+00, 1.78500004e+01
2.18292694e+01, -7.17682953e+01, 8.40853653e+01,-3.30566406e-01, -6.14257812e-01, 1.24023438e+00,-3.65999985e+01, -8.99999976e-01, 1.60499992e+01
-3.17073178e+00, -4.92073174e+01, -4.58902435e+02,-1.57714844e-01, -6.17675781e-01, 1.27490234e+00,-4.62000008e+01, -3.59999990e+00, 2.07000008e+01
-8.23170757e+00, -8.86585388e+01, -2.19756104e+02,1.80175781e-01, -7.91992188e-01, 1.02246094e+00,-4.27500000e+01, 2.50499992e+01, 1.87500000e+01
-8.27439041e+01, -1.11707321e+02, -2.52378052e+02,6.94824219e-01, -6.25488281e-01, 9.91210938e-01,-2.86499996e+01, 3.08999996e+01, 1.73999996e+01
-5.06097555e+00, -7.31707335e-01, -1.20731707e+01,4.91699219e-01, -1.61132812e-01, 8.39355469e-01,-1.13999996e+01, 2.25000000e+01, 2.20499992e+01
1.17743904e+02, 7.41463394e+01, 5.25670715e+02,4.40917969e-01, -4.67285156e-01, 1.06347656e+00,-3.01499996e+01, 3.39000015e+01, 1.88999996e+01
8.78048801e+00, 3.75609779e+01, 1.69390244e+02,-9.36523438e-01, -4.23339844e-01, 1.09960938e+00,-4.29000015e+01, 2.29500008e+01, 1.81499996e+01
1.28292679e+02, 1.70914642e+02, 3.41646362e+02,5.12695312e-02, -7.91503906e-01, 1.16796875e+00,-4.63499985e+01, 1.28999996e+01, 1.75499992e+01
-1.56097565e+01, 2.41463413e+01, 3.20365875e+02,-1.33789062e-01, -5.89355469e-01, 1.16455078e+00,-4.54500008e+01, -1.64999998e+00, 2.25000000e+01
-4.20731735e+00, -2.68292694e+01, 1.59268295e+02,-2.91503906e-01, -4.70703125e-01, 1.18701172e+00,-3.47999992e+01, -6.15000010e+00, 1.92000008e+01
4.95731735e+01, -3.73170738e+01, -3.54817078e+02,-3.09082031e-01, -4.20410156e-01, 1.17626953e+00,-4.29000015e+01, -6.59999990e+00, 2.17500000e+01
-7.18292694e+01, -8.89024429e+01, -2.53963425e+02,1.59667969e-01, -7.07519531e-01, 1.17431641e+00,-4.65000000e+01, 2.14500008e+01, 1.88999996e+01
-4.98780518e+01, -1.43780487e+02, -2.31158539e+02,4.71679688e-01, -6.13281250e-01, 1.25585938e+00,-3.24000015e+01, 2.95499992e+01, 1.75499992e+01
-5.69512215e+01, -4.22560997e+01, 1.57317076e+01,4.18945312e-01, -1.63085938e-01, 7.50000000e-01,-1.58999996e+01, 2.25000000e+01, 2.07000008e+01
6.03048782e+01, 1.08292686e+02, 5.94451233e+02,4.80957031e-01, -5.91796875e-01, 1.10595703e+00,-2.97000008e+01, 3.39000015e+01, 1.84500008e+01
7.01219511e+00, 3.43292694e+01, 2.60365845e+02,2.24609375e-02, -7.65625000e-01, 1.21386719e+00,-4.96500015e+01, 1.46999998e+01, 1.90499992e+01
7.38414688e+01, 4.14634171e+01, 3.01524384e+02,-3.46679688e-01, -6.42578125e-01, 1.17773438e+00,-4.87500000e+01, 1.50000006e-01, 2.20499992e+01
-2.18902435e+01, -1.43292685e+01, 1.69817078e+02,-3.22753906e-01, -5.74707031e-01, 1.13085938e+00,-3.54000015e+01, -6.44999981e+00, 2.23500004e+01
-1.58536589e+00, -1.75000000e+01, 5.87804909e+01,-1.77246094e-01, -4.49218750e-01, 1.26269531e+00,-3.07500000e+01, -3.90000010e+00, 2.02500000e+01
8.34146347e+01, -2.21951218e+01, -2.34573181e+02,-2.87109375e-01, -3.96972656e-01, 1.15234375e+00,-4.20000000e+01, -6.75000000e+00, 2.26499996e+01
-9.06707306e+01, -4.15853653e+01, -2.74268311e+02,-1.68457031e-01, -9.42382812e-01, 1.12548828e+00,-5.35499992e+01, 1.48500004e+01, 2.14500008e+01
1.30487804e+01, -3.82926826e+01, -5.73780518e+01,6.43066406e-01, -1.18457031e+00, 1.02001953e+00,-4.20000000e+01, 3.07500000e+01, 2.01000004e+01
-6.17682953e+01, -4.28658562e+01, -7.44512177e+01,2.32421875e-01, -1.05419922e+00, 1.05224609e+00,-3.20999985e+01, 3.75000000e+01, 2.31000004e+01
-3.71951222e+00, -4.54268303e+01, -4.42682953e+01,7.65136719e-01, -6.93847656e-01, 7.26074219e-01,-2.02500000e+01, 3.76500015e+01, 2.53500004e+01
2.68292694e+01, 6.21951246e+00, 1.09085365e+02,7.92480469e-01, -6.07910156e-01, 8.32519531e-01,-1.54499998e+01, 3.50999985e+01, 2.46000004e+01
1.13841469e+02, 5.00000000e+00, 3.29695129e+02,6.07421875e-01, -1.02294922e+00, 9.50683594e-01,-3.24000015e+01, 3.55499992e+01, 1.69500008e+01
7.77439041e+01, -2.19512200e+00, -1.94817078e+02,1.71044922e+00, -2.16992188e+00, 1.20654297e+00,-4.30499992e+01, 2.83500004e+01, 1.82999992e+01
5.83536606e+01, 3.67073174e+01, 2.71951233e+02,1.52343750e-01, -8.88671875e-01, 1.24853516e+00,-4.62000008e+01, 1.72500000e+01, 1.56000004e+01
-6.58536577e+00, 7.29878082e+01, 3.25670746e+02,-2.22656250e-01, -7.23144531e-01, 1.24853516e+00,-4.70999985e+01, 1.04999995e+00, 2.26499996e+01
-6.21341476e+01, -3.49390259e+01, 2.11646347e+02,-2.30468750e-01, -5.27832031e-01, 1.14355469e+00,-3.35999985e+01, -4.50000000e+00, 2.11499996e+01
5.11585388e+01, -3.93902435e+01, -1.42621948e+02,-3.45703125e-01, -4.65332031e-01, 1.13281250e+00,-3.46500015e+01, -4.80000019e+00, 1.65000000e+01
-4.36036591e+02, -3.75365875e+02, -6.04390259e+02,1.08398438e-01, -1.01025391e+00, 1.02587891e+00,-4.87500000e+01, 9.30000019e+00, 1.78500004e+01
-7.20731735e+01, -5.37195129e+01, -9.59146347e+01,5.20019531e-01, -9.72656250e-01, 1.09912109e+00,-3.70499992e+01, 3.35999985e+01, 1.96499996e+01
4.60365868e+01, -2.65243896e+02, -4.57560974e+02,6.42089844e-01, -4.51171875e-01, 9.21875000e-01,-1.87500000e+01, 3.27000008e+01, 2.10000000e+01
-5.30487823e+00, -3.39634171e+01, 9.75000000e+01,6.22558594e-01, -2.78320312e-02, 5.41015625e-01,-9.44999981e+00, 1.88999996e+01, 2.67000008e+01
3.73170738e+01, 1.35121948e+02, 4.78963440e+02,8.76953125e-01, -6.45996094e-01, 8.26171875e-01,-2.37000008e+01, 3.32999992e+01, 1.90499992e+01
7.82926865e+01, 2.78658543e+01, 3.85060974e+02,2.77343750e-01, -1.12402344e+00, 1.07666016e+00,-4.65000000e+01, 2.93999996e+01, 1.71000004e+01
1.34146347e+02, -1.37804880e+01, 3.12682922e+02,-2.20703125e-01, -8.51562500e-01, 1.26611328e+00,-4.90499992e+01, 2.70000005e+00, 1.84500008e+01
-1.75609760e+01, -1.53658543e+01, 1.84939026e+02,-1.14257812e-01, 7.61718750e-02, 1.22265625e+00,-3.72000008e+01, -4.05000019e+00, 2.01000004e+01
7.11585388e+01, -4.12195129e+01, -8.10975647e+01,-2.01171875e-01, -4.65820312e-01, 1.23974609e+00,-3.61500015e+01, -6.44999981e+00, 1.82999992e+01
-1.31524399e+02, -1.89695129e+02, -2.91341461e+02,-9.03320312e-02, -7.22656250e-01, 1.34912109e+00,-4.82999992e+01, 5.09999990e+00, 2.10000000e+01
-2.91463413e+01, -6.58536577e+00, -1.44756104e+02,4.22851562e-01, -8.79394531e-01, 1.09033203e+00,-3.45000000e+01, 3.35999985e+01, 1.99500008e+01
-2.05487804e+01, -8.04878082e+01, -3.49573181e+02,5.63964844e-01, -4.40917969e-01, 9.17968750e-01,-1.69500008e+01, 2.97000008e+01, 2.20499992e+01
-2.56707325e+01, 7.35975647e+01, 1.69939026e+02,5.78125000e-01, -1.82617188e-01, 8.74511719e-01,-1.28999996e+01, 2.52000008e+01, 2.42999992e+01
1.62195129e+02, -3.05487804e+01, 4.72195129e+02,4.66308594e-01, -7.64648438e-01, 9.32617188e-01,-3.27000008e+01, 3.39000015e+01, 1.63500004e+01
9.90853653e+01, 2.57317085e+01, 1.93963425e+02,4.23339844e-01, -9.59960938e-01, 1.28320312e+00,-4.32000008e+01, 2.25000000e+01, 1.63500004e+01
5.58536606e+01, 1.29695129e+02, 3.88658539e+02,-1.83593750e-01, -6.22070312e-01, 1.22656250e+00,-4.69500008e+01, 2.40000010e+00, 2.17500000e+01
-6.23780518e+01, -4.34756126e+01, 1.62195129e+02,-2.85156250e-01, -1.48437500e-01, 1.21093750e+00,-4.22999992e+01, -6.44999981e+00, 2.77500000e+01
9.01219559e+01, 5.85365868e+00, 6.04878044e+01,-3.44238281e-01, -4.11132812e-01, 1.15136719e+00,-3.73499985e+01, -7.34999990e+00, 2.50499992e+01
8.46341476e+01, -1.17926834e+02, -2.31341461e+02,-5.02929688e-01, -4.78515625e-02, 1.06591797e+00,-4.05000000e+01, -1.39499998e+01, 3.08999996e+01
-1.87682938e+02, -1.44573181e+02, -3.80487823e+02,6.83593750e-02, -9.10644531e-01, 1.14111328e+00,-4.95000000e+01, 2.22000008e+01, 1.84500008e+01
-8.01219559e+01, -1.33231705e+02, -2.44207321e+02,7.68066406e-01, -7.65625000e-01, 8.79882812e-01,-3.31500015e+01, 3.60000000e+01, 1.97999992e+01
-4.87804890e-01, -1.51829271e+01, -1.14085365e+02,5.67871094e-01, -3.59863281e-01, 8.36914062e-01,-1.51499996e+01, 2.74500008e+01, 2.14500008e+01
-2.76219521e+01, 2.67682934e+01, 4.16890259e+02,7.56347656e-01, -6.50390625e-01, 9.54589844e-01,-2.68500004e+01, 3.50999985e+01, 2.07000008e+01
7.72560959e+01, 4.51829262e+01, 1.62256104e+02,1.98730469e-01, -7.77343750e-01, 8.85742188e-01,-4.03499985e+01, 2.82000008e+01, 1.63500004e+01
1.80609756e+02, 1.72560974e+02, 4.38841461e+02,8.49609375e-02, -8.61328125e-01, 1.42236328e+00,-4.67999992e+01, 1.21499996e+01, 1.57500000e+01
-4.15243912e+01, -2.86585379e+00, 3.65304901e+02,-2.41210938e-01, -6.20605469e-01, 1.14746094e+00,-4.09500008e+01, -5.25000000e+00, 2.23500004e+01
-5.97560978e+00, -2.55487804e+01, 4.67073174e+01,-2.26074219e-01, -5.77148438e-01, 1.16259766e+00,-3.34500008e+01, -2.70000005e+00, 1.71000004e+01
-3.04878044e+00, -8.73170776e+01, -3.61646362e+02,-2.94921875e-01, -4.34082031e-01, 1.16650391e+00,-4.45499992e+01, -7.19999981e+00, 2.18999996e+01
-1.02682930e+02, -1.30121948e+02, -3.53780487e+02,3.55957031e-01, -7.30468750e-01, 1.03222656e+00,-4.45499992e+01, -7.19999981e+00, 2.18999996e+01
-7.23170776e+01, -6.74390259e+01, -2.11890244e+02,4.58496094e-01, -8.16894531e-01, 9.67285156e-01,-3.24000015e+01, 3.37500000e+01, 1.87500000e+01
8.23170757e+00, 3.77439041e+01, 2.47560978e+01,4.51171875e-01, -1.86523438e-01, 8.22753906e-01,-1.39499998e+01, 2.25000000e+01, 2.46000004e+01
-2.53048782e+01, 1.87134155e+02, 6.02439026e+02,6.77734375e-01, -7.18750000e-01, 1.00878906e+00,-2.10000000e+01, 3.01499996e+01, 1.99500008e+01
-6.09756112e-02, 2.25609760e+01, 4.02134155e+02,6.15234375e-02, -9.40917969e-01, 8.50585938e-01,-4.70999985e+01, 2.50499992e+01, 1.90499992e+01
1.02560982e+02, 4.07317085e+01, 2.16219513e+02,-3.43750000e-01, -8.40820312e-01, 1.19042969e+00,-4.82999992e+01, 5.09999990e+00, 2.02500000e+01
-6.47560959e+01, -2.95121956e+01, 1.55000000e+02,-9.12597656e-01, -2.02148438e+00, 7.01171875e-01,-4.06500015e+01, -5.84999990e+00, 2.40000000e+01
5.97560978e+00, -1.89634151e+01, 1.18902445e+01,-3.52539062e-01, -5.27832031e-01, 1.15966797e+00,-3.54000015e+01, -6.44999981e+00, 2.01000004e+01
-4.22743927e+02, -1.49634155e+02, -5.93658569e+02,5.95703125e-02, -8.84277344e-01, 1.14355469e+00,-4.82999992e+01, 1.50000006e-01, 2.17500000e+01
-1.16463413e+01, -4.17682953e+01, -2.40731720e+02,4.45312500e-01, -1.04443359e+00, 1.07958984e+00,-4.30499992e+01, 2.91000004e+01, 1.97999992e+01
-5.01219521e+01, -1.07621956e+02, -2.29146347e+02,5.76171875e-01, -7.52441406e-01, 9.53613281e-01,-2.92500000e+01, 3.55499992e+01, 1.87500000e+01
-2.42682934e+01, 3.09756107e+01, 6.64024429e+01,5.15136719e-01, -4.01855469e-01, 8.32031250e-01,-1.53000002e+01, 2.76000004e+01, 2.23500004e+01
2.12560974e+02, 4.32926846e+00, 4.48658539e+02,4.87304688e-01, -8.20312500e-01, 8.91113281e-01,-3.43499985e+01, 3.10499992e+01, 1.72500000e+01
1.00914635e+02, 8.90243912e+00, 2.63597565e+02,3.95996094e-01, -7.74902344e-01, 1.24462891e+00,-4.29000015e+01, 1.75499992e+01, 1.48500004e+01
-2.48780499e+01, 3.71951218e+01, 4.13231720e+02,1.23535156e-01, -6.70410156e-01, 1.61230469e+00,-4.47000008e+01, 8.99999976e-01, 2.46000004e+01
-2.65853672e+01, -5.58536606e+01, 1.36158539e+02,-1.99218750e-01, -6.12792969e-01, 1.25244141e+00,-3.46500015e+01, -3.29999995e+00, 1.75499992e+01
1.31707321e+02, -1.24390249e+01, -7.92073212e+01,-2.37304688e-01, -4.49707031e-01, 1.17382812e+00,-3.35999985e+01, -5.55000019e+00, 2.01000004e+01
-1.85914642e+02, -1.32256104e+02, -3.50487823e+02,1.66503906e-01, -7.91015625e-01, 1.16503906e+00,-4.70999985e+01, 7.94999981e+00, 1.72500000e+01
-7.20731735e+01, -2.06707325e+01, -1.89756104e+02,3.02246094e-01, -8.84277344e-01, 1.11572266e+00,-4.12500000e+01, 2.65499992e+01, 1.62000008e+01
-7.92682946e-01, -6.65243912e+01, -1.74329269e+02,5.03906250e-01, -6.45019531e-01, 9.24804688e-01,-2.65499992e+01, 3.40499992e+01, 1.93500004e+01
-1.98170738e+01, -2.19512196e+01, -6.39634171e+01,6.06445312e-01, -2.48046875e-01, 8.23242188e-01,-1.54499998e+01, 2.52000008e+01, 2.25000000e+01
-4.26829278e-01, 3.96341476e+01, 4.42743927e+02,7.50000000e-01, -5.06835938e-01, 1.04589844e+00,-2.48999996e+01, 3.12000008e+01, 1.73999996e+01
5.76829300e+01, 5.88414650e+01, 1.43841461e+02,6.78710938e-01, -8.73535156e-01, 1.15576172e+00,-3.94500008e+01, 2.18999996e+01, 1.43999996e+01
-4.93902445e+00, 2.03292694e+02, 4.00365875e+02,2.58789062e-02, -7.07031250e-01, 1.31591797e+00,-4.44000015e+01, 8.10000038e+00, 1.81499996e+01
-5.93292694e+01, -2.41463413e+01, 3.66341461e+02,-3.39843750e-01, -5.42480469e-01, 1.10253906e+00,-3.82500000e+01, -2.54999995e+00, 2.16000004e+01
-6.09756112e-02, -3.40853653e+01, 4.42682953e+01,-1.25488281e-01, -5.76660156e-01, 1.24511719e+00,-3.12000008e+01, -3.15000010e+00, 1.73999996e+01
-8.90243912e+00, -9.76219559e+01, -3.56219513e+02,-3.40820312e-01, -3.43750000e-01, 1.14404297e+00,-4.06500015e+01, -8.39999962e+00, 2.17500000e+01
5.70731735e+01, -1.00426834e+02, -2.19207321e+02,4.31640625e-01, -5.35156250e-01, 9.55566406e-01,-4.39500008e+01, 1.80000000e+01, 1.53000002e+01
-1.24207321e+02, -1.07987808e+02, -2.18292694e+02,-3.90625000e-03, -6.82128906e-01, 1.12451172e+00,-3.73499985e+01, 2.55000000e+01, 1.48500004e+01
-1.76829281e+01, -3.70121956e+01, -3.59756088e+01,5.87890625e-01, -3.23242188e-01, 8.55468750e-01,-1.71000004e+01, 2.76000004e+01, 2.08500004e+01
1.76829281e+01, 4.72560997e+01, 1.55609756e+02,5.73730469e-01, -2.67578125e-01, 8.90625000e-01,-1.63500004e+01, 2.65499992e+01, 2.05499992e+01
1.48597565e+02, 1.15853655e+00, 3.17926849e+02,4.69238281e-01, -7.68554688e-01, 8.95996094e-01,-3.37500000e+01, 2.78999996e+01, 1.20000000e+01
8.09146347e+01, 1.68292694e+01, 2.76219513e+02,5.21972656e-01, -6.19628906e-01, 1.20751953e+00,-4.29000015e+01, 1.41000004e+01, 1.35000000e+01
1.98780499e+01, 7.35365906e+01, 3.10426849e+02,-1.01562500e-01, -5.98144531e-01, 1.10302734e+00,-4.63499985e+01, 3.00000012e-01, 2.18999996e+01
1.64634144e+00, -3.06707325e+01, 7.07317123e+01,-1.64550781e-01, -5.52246094e-01, 1.20898438e+00,-3.50999985e+01, -3.75000000e+00, 2.01000004e+01
-4.60365868e+01, -1.02560982e+02, -2.74695129e+02,-1.82128906e-01, -4.79003906e-01, 1.15087891e+00,-4.57500000e+01, -5.09999990e+00, 2.35499992e+01
-8.55487823e+01, -4.94512215e+01, -1.58231705e+02,-3.04687500e-01, -1.05273438e+00, 6.97265625e-01,-4.48499985e+01, 1.93500004e+01, 1.57500000e+01
-6.61585388e+01, -1.69634155e+02, -2.94451233e+02,4.69238281e-01, -6.28906250e-01, 8.63281250e-01,-3.30000000e+01, 3.31500015e+01, 1.81499996e+01
-2.86585379e+00, 4.98170738e+01, 1.39634155e+02,5.35644531e-01, -1.85546875e-01, 8.23242188e-01,-1.65000000e+01, 2.47500000e+01, 1.96499996e+01
1.16707321e+02, 1.09695122e+02, 3.04085388e+02,4.38964844e-01, -6.78710938e-01, 8.95996094e-01,-3.34500008e+01, 2.89500008e+01, 1.38000002e+01
8.70731735e+01, 1.45121956e+01, 3.56158539e+02,7.29980469e-01, -7.64160156e-01, 1.20019531e+00,-4.78499985e+01, 1.58999996e+01, 1.51499996e+01
5.39634171e+01, 2.75000000e+01, 2.13231705e+02,-2.13378906e-01, -4.47753906e-01, 1.18652344e+00,-4.57500000e+01, -2.40000010e+00, 2.46000004e+01
7.31707335e-01, -3.52439041e+01, 7.97560959e+01,-1.15722656e-01, -3.81347656e-01, 1.19042969e+00,-3.61500015e+01, -7.19999981e+00, 2.33999996e+01
-3.78597565e+02, -4.01158539e+02, -4.55914642e+02,1.40136719e-01, -4.47753906e-01, 1.32568359e+00,-4.85999985e+01, 3.29999995e+00, 2.05499992e+01
-9.69512253e+01, -4.59756126e+01, -1.47682938e+02,4.29687500e-01, -7.82226562e-01, 1.15136719e+00,-3.95999985e+01, 2.67000008e+01, 1.66499996e+01
-3.29268289e+00, -1.34390244e+02, -2.07682938e+02,5.84472656e-01, -5.93261719e-01, 8.42773438e-01,-2.68500004e+01, 3.16499996e+01, 1.99500008e+01
4.39024401e+00, 2.21341461e+02, 5.26402466e+02,6.90917969e-01, -5.06347656e-01, 1.04638672e+00,-2.33999996e+01, 3.07500000e+01, 1.80000000e+01
6.72560959e+01, 5.32926826e+01, 1.50975616e+02,3.63281250e-01, -8.28613281e-01, 1.27734375e+00,-4.15499992e+01, 2.03999996e+01, 1.54499998e+01
2.73170738e+01, 2.15548782e+02, 4.40182922e+02,1.27929688e-01, -6.47949219e-01, 1.29394531e+00,-4.47000008e+01, 4.34999990e+00, 1.73999996e+01
2.99390259e+01, -4.67682953e+01, 1.82073181e+02,-1.61621094e-01, -4.39453125e-01, 1.19775391e+00,-3.46500015e+01, -4.50000000e+00, 2.18999996e+01
2.96341476e+01, -7.12195129e+01, -3.54024384e+02,-2.00195312e-01, -3.30566406e-01, 1.14599609e+00,-4.10999985e+01, -7.34999990e+00, 2.42999992e+01
-7.01219559e+01, -1.37987808e+02, -2.15609756e+02,7.12890625e-02, -5.80078125e-01, 1.14794922e+00,-4.81500015e+01, 9.44999981e+00, 2.23500004e+01
-9.28048782e+01, -1.24085365e+02, -1.33902435e+02,6.09863281e-01, -7.86621094e-01, 1.12402344e+00,-3.27000008e+01, 3.12000008e+01, 1.78500004e+01
1.60975609e+01, -4.26829278e-01, 2.17073174e+01,6.66015625e-01, -3.72070312e-01, 7.29980469e-01,-1.63500004e+01, 2.76000004e+01, 2.05499992e+01
1.48841461e+02, 1.81341461e+02, 4.51646362e+02,3.65722656e-01, -8.60351562e-01, 1.21240234e+00,-3.64500008e+01, 2.68500004e+01, 1.36499996e+01
1.21585365e+02, 7.56707306e+01, 3.15060974e+02,2.87597656e-01, -8.29589844e-01, 1.16943359e+00,-4.44000015e+01, 1.23000002e+01, 1.56000004e+01
3.98780479e+01, 2.73780499e+01, 3.10975616e+02,-1.31347656e-01, -6.17187500e-01, 1.17675781e+00,-4.05000000e+01, -3.29999995e+00, 2.16000004e+01
8.35365868e+00, -3.56707344e+01, 4.98780518e+01,-1.26953125e-01, -4.78515625e-01, 1.23242188e+00,-3.20999985e+01, -5.55000019e+00, 2.08500004e+01
-2.79756104e+02, -2.08536591e+02, -4.48841461e+02,-9.27734375e-03, -5.71289062e-01, 1.11572266e+00,-4.67999992e+01, -4.80000019e+00, 2.41499996e+01
-4.36585388e+01, -3.89634171e+01, -2.48170738e+01,4.98046875e-02, -8.61816406e-01, 1.20068359e+00,-4.77000008e+01, 1.41000004e+01, 1.66499996e+01
-7.14634171e+01, -1.23780489e+01, -1.31097565e+02,3.90625000e-01, -9.21875000e-01, 1.17382812e+00,-4.03499985e+01, 2.86499996e+01, 1.78500004e+01
-3.00609760e+01, -1.41158539e+02, -2.06402451e+02,6.59667969e-01, -5.27832031e-01, 1.06396484e+00,-2.29500008e+01, 3.30000000e+01, 2.05499992e+01
3.31097565e+01, 1.30121948e+02, 3.29390259e+02,5.20996094e-01, -2.92968750e-01, 8.19335938e-01,-1.90499992e+01, 3.04500008e+01, 1.88999996e+01
1.04451225e+02, 1.04268295e+02, 3.77926849e+02,4.40917969e-01, -7.42187500e-01, 1.05029297e+00,-3.88499985e+01, 2.40000000e+01, 1.35000000e+01
1.01524391e+02, 7.71341476e+01, 3.91707336e+02,1.59179688e-01, -7.64648438e-01, 1.19677734e+00,-4.65000000e+01, 9.60000038e+00, 1.78500004e+01
5.37804909e+01, -5.72560997e+01, 3.32621948e+02,-2.13867188e-01, -5.09765625e-01, 1.34130859e+00,-3.62999992e+01, -2.70000005e+00, 2.10000000e+01
2.51219521e+01, -3.29878044e+01, -2.13414631e+01,-8.25195312e-02, -4.46777344e-01, 1.21435547e+00,-2.97000008e+01, -6.15000010e+00, 2.17500000e+01
-2.64756104e+02, -1.42682938e+02, -3.33780487e+02,4.39453125e-03, -5.38574219e-01, 1.32910156e+00,-4.20000000e+01, -3.75000000e+00, 2.26499996e+01
-3.39024391e+01, -1.17012199e+02, -2.17195129e+02,6.83593750e-03, -5.69335938e-01, 1.16113281e+00,-4.74000015e+01, 9.44999981e+00, 2.01000004e+01
-5.38414650e+01, -2.21341476e+01, -3.67073174e+01,4.29199219e-01, -6.06445312e-01, 1.10205078e+00,-4.21500015e+01, 2.40000000e+01, 1.60499992e+01
-2.48780499e+01, 3.60365868e+01, 2.60914642e+02,2.52929688e-01, -6.88476562e-01, 1.12792969e+00,-4.36500015e+01, 2.62500000e+01, 1.71000004e+01
9.18292694e+01, 7.55487823e+01, 5.27743896e+02,2.83203125e-01, -7.52929688e-01, 1.32373047e+00,-4.67999992e+01, 1.31999998e+01, 1.54499998e+01
1.07682930e+02, 2.42682934e+01, 3.21097565e+02,-4.62890625e-01, -1.60156250e-01, 1.16406250e+00,-4.03499985e+01, -7.34999990e+00, 2.42999992e+01
7.19512224e+00, -2.23170738e+01, 1.05792686e+02,-1.92871094e-01, -3.75488281e-01, 1.14404297e+00,-2.78999996e+01, -6.90000010e+00, 2.68500004e+01
4.54268303e+01, -3.55487823e+01, -5.53048782e+01,-6.15234375e-02, -2.62695312e-01, 1.20117188e+00,-2.76000004e+01, -8.85000038e+00, 2.63999996e+01
-3.22195129e+02, -7.56097565e+01, -4.42134155e+02,-7.86132812e-02, -6.47949219e-01, 1.14160156e+00,-4.54500008e+01, 1.50000006e-01, 2.32500000e+01
-9.18902435e+01, -3.37804871e+01, -2.00853668e+02,2.53417969e-01, -1.14794922e+00, 1.15869141e+00,-4.24500008e+01, 3.54000015e+01, 2.25000000e+01
8.98170776e+01, 1.14634151e+01, 2.44451218e+02,3.55957031e-01, -8.77929688e-01, 9.85351562e-01,-3.62999992e+01, 3.65999985e+01, 1.92000008e+01
1.15243904e+02, 1.12378052e+02, 4.29634155e+02,-7.61718750e-02, -9.52148438e-01, 1.25537109e+00,-5.05499992e+01, 1.90499992e+01, 2.02500000e+01
2.67073174e+01, 2.57926826e+01, 3.45609772e+02,-2.24121094e-01, -3.94531250e-01, 1.20117188e+00,-4.10999985e+01, -4.65000010e+00, 2.32500000e+01
-3.20121956e+01, -2.95731716e+01, 1.59878052e+02,-2.51464844e-01, -5.06835938e-01, 1.15429688e+00,-2.80499992e+01, -6.44999981e+00, 2.67000008e+01
8.06707306e+01, -2.48780499e+01, -1.61585373e+02,-2.16308594e-01, -2.70507812e-01, 1.24169922e+00,-3.34500008e+01, -8.39999962e+00, 2.63999996e+01
-1.55853668e+02, -3.25000000e+01, -4.14634155e+02,-4.10156250e-02, -9.22851562e-01, 1.23339844e+00,-5.02500000e+01, 8.39999962e+00, 2.07000008e+01
-2.99390259e+01, -7.54268341e+01, -8.79878082e+01,-3.61328125e-02, -9.22363281e-01, 1.14746094e+00,-4.02000008e+01, 3.45000000e+01, 2.05499992e+01
-3.12804890e+01, -3.88414650e+01, 1.56097565e+01,4.56054688e-01, -8.99414062e-01, 1.06152344e+00,-3.47999992e+01, 3.65999985e+01, 1.96499996e+01
8.32926865e+01, 3.33536606e+01, 5.68841492e+02,1.29882812e-01, -7.32421875e-01, 1.20605469e+00,-4.69500008e+01, 2.25000000e+01, 1.71000004e+01
1.11890244e+02, 2.05487804e+01, 4.39085388e+02,-1.15722656e-01, -6.92382812e-01, 1.16845703e+00,-4.21500015e+01, -1.64999998e+00, 1.99500008e+01
-2.37804890e+01, -2.96341476e+01, 1.46219513e+02,-1.82617188e-01, -4.57031250e-01, 1.25292969e+00,-2.93999996e+01, -3.59999990e+00, 2.17500000e+01
3.84146347e+01, -3.40853653e+01, -2.37804890e+00,-1.73828125e-01, -4.65332031e-01, 1.20507812e+00,-2.85000000e+01, -5.55000019e+00, 2.48999996e+01
-3.15731720e+02, -1.84512207e+02, -5.65975647e+02,-1.11328125e-01, -6.47949219e-01, 1.05224609e+00,-4.65000000e+01, -3.59999990e+00, 2.50499992e+01
-1.23170738e+02, -3.98780479e+01, -1.69512192e+02,2.83691406e-01, -9.94628906e-01, 1.13378906e+00,-4.45499992e+01, 2.87999992e+01, 2.01000004e+01
-6.21341476e+01, -1.53597565e+02, -1.91951218e+02,3.96972656e-01, -7.96386719e-01, 9.39453125e-01,-2.89500008e+01, 3.88499985e+01, 2.20499992e+01
2.32926826e+01, -6.85365906e+01, -5.57926826e+01,8.27636719e-01, -5.23925781e-01, 7.58789062e-01,-1.69500008e+01, 3.39000015e+01, 2.53500004e+01
1.54756104e+02, 6.14634171e+01, 4.29512207e+02,6.09375000e-01, -8.52539062e-01, 9.69238281e-01,-3.10499992e+01, 3.60000000e+01, 1.80000000e+01
9.74390259e+01, 1.53658543e+01, 3.12621948e+02,9.37500000e-02, -1.00732422e+00, 1.20703125e+00,-4.45499992e+01, 2.16000004e+01, 1.57500000e+01
1.57134155e+02, 7.72560959e+01, 4.06585388e+02,-1.95312500e-01, -5.81054688e-01, 1.32568359e+00,-4.36500015e+01, -4.49999988e-01, 1.96499996e+01
-1.29268293e+01, -1.50609760e+01, 7.95731735e+01,-2.92480469e-01, -4.37011719e-01, 1.16845703e+00,-3.24000015e+01, -4.80000019e+00, 2.26499996e+01
-3.50000000e+01, -6.00609779e+01, -4.09695129e+02,-1.12304688e-01, -3.54980469e-01, 1.20654297e+00,-4.27500000e+01, -8.25000000e+00, 2.59500008e+01
-2.22256104e+02, -1.18719513e+02, -4.11585388e+02,-1.11816406e-01, -6.50878906e-01, 1.26562500e+00,-5.19000015e+01, 1.24499998e+01, 2.11499996e+01
-5.39024391e+01, -5.83536606e+01, -5.69512215e+01,5.19042969e-01, -9.78027344e-01, 1.14843750e+00,-3.27000008e+01, 3.69000015e+01, 2.17500000e+01
9.75609779e-01, -3.69512215e+01, -6.26829300e+01,7.22656250e-01, -6.34277344e-01, 8.36425781e-01,-2.07000008e+01, 3.40499992e+01, 2.11499996e+01
2.33475616e+02, 2.55731720e+02, 5.66768311e+02,2.79296875e-01, -7.86132812e-01, 1.02490234e+00,-3.55499992e+01, 3.04500008e+01, 1.56000004e+01
2.31707321e+02, 9.59756088e+01, 4.75670746e+02,1.83593750e-01, -6.74316406e-01, 1.26367188e+00,-4.47000008e+01, 1.26000004e+01, 1.63500004e+01
-3.59756088e+01, 2.21341476e+01, 2.87987823e+02,-1.78710938e-01, -4.98535156e-01, 1.08203125e+00,-3.77999992e+01, -6.59999990e+00, 2.71499996e+01
1.40060974e+02, -3.23780479e+01, -5.53658562e+01,-2.43164062e-01, -3.65722656e-01, 1.16308594e+00,-3.28499985e+01, -7.50000000e+00, 2.31000004e+01
-2.06036591e+02, -3.34756088e+01, -2.18170731e+02,-2.40234375e-01, -9.07226562e-01, 1.19091797e+00,-4.96500015e+01, 4.80000019e+00, 2.16000004e+01
-1.14634151e+01, -5.81097565e+01, -8.43292694e+01,2.65625000e-01, -1.13867188e+00, 1.08935547e+00,-4.27500000e+01, 3.10499992e+01, 1.82999992e+01
-2.17073174e+01, -2.38414631e+01, -2.76219521e+01,3.67187500e-01, -1.00976562e+00, 1.12988281e+00,-3.87000008e+01, 3.10499992e+01, 1.97999992e+01
7.31707335e+00, -8.00609741e+01, -1.02560982e+02,6.82617188e-01, -5.53710938e-01, 7.73437500e-01,-2.22000008e+01, 3.15000000e+01, 1.90499992e+01
1.91829269e+02, 7.18902435e+01, 4.90182953e+02,3.75976562e-01, -7.82226562e-01, 1.05761719e+00,-4.02000008e+01, 2.18999996e+01, 1.03500004e+01
7.95731735e+01, 6.54268341e+01, 1.00304878e+02,2.28027344e-01, -6.88476562e-01, 1.14208984e+00,-4.20000000e+01, 9.00000000e+00, 8.25000000e+00
5.39634171e+01, 3.90853653e+01, 2.68963409e+02,2.96875000e-01, -8.28613281e-01, 1.17187500e+00,-3.60000000e+01, 3.90000010e+00, 1.38000002e+01
-3.53658533e+00, -6.84146347e+01, 1.71036591e+02,1.85546875e-01, -7.61718750e-01, 1.15478516e+00,-3.13500004e+01, 2.25000000e+00, 1.18500004e+01
2.19512200e+00, 2.68902454e+01, 2.40243912e+01,1.62597656e-01, -8.72070312e-01, 1.09130859e+00,-2.85000000e+01, 3.29999995e+00, 1.21499996e+01
-1.35060974e+02, -7.56097555e+00, -2.55243912e+02,1.67968750e-01, -9.19921875e-01, 1.31591797e+00,-4.10999985e+01, 8.39999962e+00, 1.66499996e+01
-8.34146347e+01, 8.64024429e+01, -1.13414640e+01,9.64355469e-01, -6.02539062e-01, 1.03027344e+00,-3.12000008e+01, 3.08999996e+01, 1.73999996e+01
-6.09756112e-02, -1.25609756e+02, 5.85365868e+00,4.77050781e-01, -8.50097656e-01, 7.77343750e-01,-2.86499996e+01, 3.58499985e+01, 1.99500008e+01
1.28048782e+02, 2.28658543e+01, 1.56768295e+02,4.57519531e-01, -7.10937500e-01, 8.85253906e-01,-3.04500008e+01, 3.19500008e+01, 1.35000000e+01
-4.34756126e+01, 1.01951225e+02, 1.16097565e+02,7.32910156e-01, -1.00439453e+00, 9.82421875e-01,-4.05000000e+01, 2.46000004e+01, 1.43999996e+01
1.11158539e+02, -4.90243912e+01, 3.22256104e+02,5.32226562e-02, -9.58984375e-01, 1.28271484e+00,-4.22999992e+01, 1.96499996e+01, 1.57500000e+01
5.90243912e+01, 6.70731735e+01, 3.18841461e+02,-2.99804688e-01, -7.47558594e-01, 1.11962891e+00,-4.29000015e+01, -2.40000010e+00, 2.10000000e+01
7.86585388e+01, -6.87195129e+01, -2.56524384e+02,-4.90722656e-01, -4.79492188e-01, 1.11767578e+00,-4.29000015e+01, -5.84999990e+00, 2.71499996e+01
5.88414650e+01, -1.74329269e+02, -3.53597565e+02,-1.66015625e-02, -6.48437500e-01, 1.31689453e+00,-4.93499985e+01, 1.28999996e+01, 3.08999996e+01
-2.27439022e+01, -2.40243912e+01, 2.09756107e+01,1.04492188e-01, -6.73828125e-01, 1.24316406e+00,-4.22999992e+01, 2.65499992e+01, 2.26499996e+01
-1.96341476e+01, 4.81707344e+01, 4.49268311e+02,-3.46191406e-01, -6.46972656e-01, 1.07861328e+00,-5.29500008e+01, 6.75000000e+00, 2.67000008e+01
-1.05426834e+02, 3.94512215e+01, 3.97134155e+02,-4.33105469e-01, -1.35742188e-01, 1.18750000e+00,-4.10999985e+01, -8.85000038e+00, 2.89500008e+01
1.74390240e+01, -2.75000000e+01, 1.02012199e+02,-3.62792969e-01, -4.66308594e-01, 1.15722656e+00,-2.85000000e+01, -5.25000000e+00, 2.98500004e+01
-6.28048801e+00, -4.53048782e+01, -4.04390259e+02,-4.14550781e-01, -2.87109375e-01, 1.02734375e+00,-3.88499985e+01, -1.11000004e+01, 3.00000000e+01
-7.32317123e+01, -3.96341476e+01, -4.73536591e+02,-2.14843750e-02, -1.07080078e+00, 1.10302734e+00,-5.10000000e+01, 2.44500008e+01, 2.27999992e+01
